"from","to","destination","relevance"
"acetic-acid","lactic-acid","https://crust-and-crumb-tawny.vercel.app/term/lactic-acid","Existing relation; detailed editorial relevance review pending"
"acetic-acid","lactic-acid-bacteria","https://crust-and-crumb-tawny.vercel.app/term/lactic-acid-bacteria","Existing relation; detailed editorial relevance review pending"
"acetic-acid","stiff-starter","https://crust-and-crumb-tawny.vercel.app/term/stiff-starter","Existing relation; detailed editorial relevance review pending"
"acetic-acid","retarding","https://crust-and-crumb-tawny.vercel.app/term/retarding","Existing relation; detailed editorial relevance review pending"
"active-dry-yeast","instant-yeast","https://crust-and-crumb-tawny.vercel.app/term/instant-yeast","Existing relation; detailed editorial relevance review pending"
"aged-flour","flour-freshness","https://crust-and-crumb-tawny.vercel.app/term/flour-freshness","Existing relation; detailed editorial relevance review pending"
"aged-flour","fresh-milled-flour","https://crust-and-crumb-tawny.vercel.app/term/fresh-milled-flour","Existing relation; detailed editorial relevance review pending"
"aged-flour","ascorbic-acid","https://crust-and-crumb-tawny.vercel.app/term/ascorbic-acid","Existing relation; detailed editorial relevance review pending"
"aged-flour","flour-strength","https://crust-and-crumb-tawny.vercel.app/term/flour-strength","Existing relation; detailed editorial relevance review pending"
"aged-flour","gluten-quality","https://crust-and-crumb-tawny.vercel.app/term/gluten-quality","Existing relation; detailed editorial relevance review pending"
"aleurone-layer","bran","https://crust-and-crumb-tawny.vercel.app/term/bran","Existing relation; detailed editorial relevance review pending"
"aleurone-layer","endosperm","https://crust-and-crumb-tawny.vercel.app/term/endosperm","Existing relation; detailed editorial relevance review pending"
"aleurone-layer","ash-content","https://crust-and-crumb-tawny.vercel.app/term/ash-content","Existing relation; detailed editorial relevance review pending"
"aleurone-layer","extraction-rate","https://crust-and-crumb-tawny.vercel.app/term/extraction-rate","Existing relation; detailed editorial relevance review pending"
"aliquot-jar","bulk-fermentation","https://crust-and-crumb-tawny.vercel.app/term/bulk-fermentation","Existing relation; detailed editorial relevance review pending"
"aliquot-jar","bulk-rise-target","https://crust-and-crumb-tawny.vercel.app/term/bulk-rise-target","Existing relation; detailed editorial relevance review pending"
"aliquot-jar","dough-container","https://crust-and-crumb-tawny.vercel.app/term/dough-container","Existing relation; detailed editorial relevance review pending"
"aliquot-jar","starter-jar","https://crust-and-crumb-tawny.vercel.app/term/starter-jar","Existing relation; detailed editorial relevance review pending"
"all-purpose-flour","bread-flour","https://crust-and-crumb-tawny.vercel.app/term/bread-flour","Existing relation; detailed editorial relevance review pending"
"all-purpose-flour","protein-content","https://crust-and-crumb-tawny.vercel.app/term/protein-content","Existing relation; detailed editorial relevance review pending"
"amaranth","pseudocereal","https://crust-and-crumb-tawny.vercel.app/term/pseudocereal","Existing relation; detailed editorial relevance review pending"
"amaranth","quinoa","https://crust-and-crumb-tawny.vercel.app/term/quinoa","Existing relation; detailed editorial relevance review pending"
"amaranth","buckwheat","https://crust-and-crumb-tawny.vercel.app/term/buckwheat","Existing relation; detailed editorial relevance review pending"
"amaranth","inclusions","https://crust-and-crumb-tawny.vercel.app/term/inclusions","Existing relation; detailed editorial relevance review pending"
"amylase","fermentation","https://crust-and-crumb-tawny.vercel.app/term/fermentation","Existing relation; detailed editorial relevance review pending"
"ancient-grain","einkorn","https://crust-and-crumb-tawny.vercel.app/term/einkorn","Existing relation; detailed editorial relevance review pending"
"ancient-grain","emmer","https://crust-and-crumb-tawny.vercel.app/term/emmer","Existing relation; detailed editorial relevance review pending"
"ancient-grain","spelt-flour","https://crust-and-crumb-tawny.vercel.app/term/spelt-flour","Existing relation; detailed editorial relevance review pending"
"ancient-grain","khorasan-wheat","https://crust-and-crumb-tawny.vercel.app/term/khorasan-wheat","Existing relation; detailed editorial relevance review pending"
"ancient-grain","heritage-grain","https://crust-and-crumb-tawny.vercel.app/term/heritage-grain","Existing relation; detailed editorial relevance review pending"
"ascorbic-acid","gluten","https://crust-and-crumb-tawny.vercel.app/term/gluten","Existing relation; detailed editorial relevance review pending"
"ash-content","extraction-rate","https://crust-and-crumb-tawny.vercel.app/term/extraction-rate","Existing relation; detailed editorial relevance review pending"
"ash-content","type-flour","https://crust-and-crumb-tawny.vercel.app/term/type-flour","Existing relation; detailed editorial relevance review pending"
"ash-content","whole-wheat-flour","https://crust-and-crumb-tawny.vercel.app/term/whole-wheat-flour","Existing relation; detailed editorial relevance review pending"
"ash-content","protein-content","https://crust-and-crumb-tawny.vercel.app/term/protein-content","Existing relation; detailed editorial relevance review pending"
"autolyse","fermentolyse","https://crust-and-crumb-tawny.vercel.app/term/fermentolyse","Existing relation; detailed editorial relevance review pending"
"autolyse","gluten","https://crust-and-crumb-tawny.vercel.app/term/gluten","Existing relation; detailed editorial relevance review pending"
"babka","enriched-dough","https://crust-and-crumb-tawny.vercel.app/term/enriched-dough","Existing relation; detailed editorial relevance review pending"
"babka","brioche","https://crust-and-crumb-tawny.vercel.app/term/brioche","Existing relation; detailed editorial relevance review pending"
"bagel","gelatinization","https://crust-and-crumb-tawny.vercel.app/term/gelatinization","Existing relation; detailed editorial relevance review pending"
"baguette","bakers-couche","https://crust-and-crumb-tawny.vercel.app/term/bakers-couche","Existing relation; detailed editorial relevance review pending"
"baguette","lamination","https://crust-and-crumb-tawny.vercel.app/term/lamination","Existing relation; detailed editorial relevance review pending"
"baguette","proofing-box","https://crust-and-crumb-tawny.vercel.app/term/proofing-box","Existing relation; detailed editorial relevance review pending"
"bakers-couche","baguette","https://crust-and-crumb-tawny.vercel.app/term/baguette","Existing relation; detailed editorial relevance review pending"
"bakers-couche","proofing","https://crust-and-crumb-tawny.vercel.app/term/proofing","Existing relation; detailed editorial relevance review pending"
"bakers-percentage","hydration","https://crust-and-crumb-tawny.vercel.app/term/hydration","Existing relation; detailed editorial relevance review pending"
"baking-powder","baking-soda","https://crust-and-crumb-tawny.vercel.app/term/baking-soda","Existing relation; detailed editorial relevance review pending"
"baking-powder","quick-bread","https://crust-and-crumb-tawny.vercel.app/term/quick-bread","Existing relation; detailed editorial relevance review pending"
"baking-powder","sourdough-discard","https://crust-and-crumb-tawny.vercel.app/term/sourdough-discard","Existing relation; detailed editorial relevance review pending"
"baking-powder","buttermilk","https://crust-and-crumb-tawny.vercel.app/term/buttermilk","Existing relation; detailed editorial relevance review pending"
"baking-soda","baking-powder","https://crust-and-crumb-tawny.vercel.app/term/baking-powder","Existing relation; detailed editorial relevance review pending"
"baking-soda","buttermilk","https://crust-and-crumb-tawny.vercel.app/term/buttermilk","Existing relation; detailed editorial relevance review pending"
"baking-soda","sourdough-discard","https://crust-and-crumb-tawny.vercel.app/term/sourdough-discard","Existing relation; detailed editorial relevance review pending"
"baking-soda","quick-bread","https://crust-and-crumb-tawny.vercel.app/term/quick-bread","Existing relation; detailed editorial relevance review pending"
"baking-soda","pretzels","https://crust-and-crumb-tawny.vercel.app/term/pretzels","Existing relation; detailed editorial relevance review pending"
"baking-steel","baking-stone","https://crust-and-crumb-tawny.vercel.app/term/baking-stone","Existing relation; detailed editorial relevance review pending"
"baking-steel","oven-spring","https://crust-and-crumb-tawny.vercel.app/term/oven-spring","Existing relation; detailed editorial relevance review pending"
"baking-stone","hearth-loaf","https://crust-and-crumb-tawny.vercel.app/term/hearth-loaf","Existing relation; detailed editorial relevance review pending"
"baking-stone","pizza-stone-steel","https://crust-and-crumb-tawny.vercel.app/term/pizza-stone-steel","Existing relation; detailed editorial relevance review pending"
"banneton","proofing","https://crust-and-crumb-tawny.vercel.app/term/proofing","Existing relation; detailed editorial relevance review pending"
"banneton","rice-flour","https://crust-and-crumb-tawny.vercel.app/term/rice-flour","Existing relation; detailed editorial relevance review pending"
"banneton-liner","banneton","https://crust-and-crumb-tawny.vercel.app/term/banneton","Existing relation; detailed editorial relevance review pending"
"banneton-liner","rice-flour","https://crust-and-crumb-tawny.vercel.app/term/rice-flour","Existing relation; detailed editorial relevance review pending"
"banneton-sticking","banneton","https://crust-and-crumb-tawny.vercel.app/term/banneton","Existing relation; detailed editorial relevance review pending"
"banneton-sticking","banneton-liner","https://crust-and-crumb-tawny.vercel.app/term/banneton-liner","Existing relation; detailed editorial relevance review pending"
"banneton-sticking","rice-flour","https://crust-and-crumb-tawny.vercel.app/term/rice-flour","Existing relation; detailed editorial relevance review pending"
"banneton-sticking","overproofed","https://crust-and-crumb-tawny.vercel.app/term/overproofed","Existing relation; detailed editorial relevance review pending"
"banneton-sticking","hydration","https://crust-and-crumb-tawny.vercel.app/term/hydration","Existing relation; detailed editorial relevance review pending"
"barley","diastatic-malt","https://crust-and-crumb-tawny.vercel.app/term/diastatic-malt","Existing relation; detailed editorial relevance review pending"
"barley","non-diastatic-malt","https://crust-and-crumb-tawny.vercel.app/term/non-diastatic-malt","Existing relation; detailed editorial relevance review pending"
"barley","amylase","https://crust-and-crumb-tawny.vercel.app/term/amylase","Existing relation; detailed editorial relevance review pending"
"barley","pentosans","https://crust-and-crumb-tawny.vercel.app/term/pentosans","Existing relation; detailed editorial relevance review pending"
"bassinage","hydration","https://crust-and-crumb-tawny.vercel.app/term/hydration","Existing relation; detailed editorial relevance review pending"
"bassinage","gluten","https://crust-and-crumb-tawny.vercel.app/term/gluten","Existing relation; detailed editorial relevance review pending"
"batard","boule","https://crust-and-crumb-tawny.vercel.app/term/boule","Existing relation; detailed editorial relevance review pending"
"batard","banneton","https://crust-and-crumb-tawny.vercel.app/term/banneton","Existing relation; detailed editorial relevance review pending"
"batard","scoring","https://crust-and-crumb-tawny.vercel.app/term/scoring","Existing relation; detailed editorial relevance review pending"
"belly","oven-spring","https://crust-and-crumb-tawny.vercel.app/term/oven-spring","Existing relation; detailed editorial relevance review pending"
"belly","shaping","https://crust-and-crumb-tawny.vercel.app/term/shaping","Existing relation; detailed editorial relevance review pending"
"bench-rest","pre-shape","https://crust-and-crumb-tawny.vercel.app/term/pre-shape","Existing relation; detailed editorial relevance review pending"
"bench-rest","extensibility","https://crust-and-crumb-tawny.vercel.app/term/extensibility","Existing relation; detailed editorial relevance review pending"
"bialy","bagel","https://crust-and-crumb-tawny.vercel.app/term/bagel","Existing relation; detailed editorial relevance review pending"
"biga","poolish","https://crust-and-crumb-tawny.vercel.app/term/poolish","Existing relation; detailed editorial relevance review pending"
"biga","fermentation","https://crust-and-crumb-tawny.vercel.app/term/fermentation","Existing relation; detailed editorial relevance review pending"
"blisters","retarding","https://crust-and-crumb-tawny.vercel.app/term/retarding","Existing relation; detailed editorial relevance review pending"
"blisters","maillard-reaction","https://crust-and-crumb-tawny.vercel.app/term/maillard-reaction","Existing relation; detailed editorial relevance review pending"
"blowout","underproofed","https://crust-and-crumb-tawny.vercel.app/term/underproofed","Existing relation; detailed editorial relevance review pending"
"blowout","scoring","https://crust-and-crumb-tawny.vercel.app/term/scoring","Existing relation; detailed editorial relevance review pending"
"blowout","oven-spring","https://crust-and-crumb-tawny.vercel.app/term/oven-spring","Existing relation; detailed editorial relevance review pending"
"blowout","seam","https://crust-and-crumb-tawny.vercel.app/term/seam","Existing relation; detailed editorial relevance review pending"
"blowout","ear","https://crust-and-crumb-tawny.vercel.app/term/ear","Existing relation; detailed editorial relevance review pending"
"bolted-flour","bolting","https://crust-and-crumb-tawny.vercel.app/term/bolting","Existing relation; detailed editorial relevance review pending"
"bolted-flour","high-extraction-flour","https://crust-and-crumb-tawny.vercel.app/term/high-extraction-flour","Existing relation; detailed editorial relevance review pending"
"bolted-flour","extraction-rate","https://crust-and-crumb-tawny.vercel.app/term/extraction-rate","Existing relation; detailed editorial relevance review pending"
"bolted-flour","fresh-milled-flour","https://crust-and-crumb-tawny.vercel.app/term/fresh-milled-flour","Existing relation; detailed editorial relevance review pending"
"bolted-flour","sifter","https://crust-and-crumb-tawny.vercel.app/term/sifter","Existing relation; detailed editorial relevance review pending"
"bolting","bolted-flour","https://crust-and-crumb-tawny.vercel.app/term/bolted-flour","Existing relation; detailed editorial relevance review pending"
"bolting","sifter","https://crust-and-crumb-tawny.vercel.app/term/sifter","Existing relation; detailed editorial relevance review pending"
"bolting","bran","https://crust-and-crumb-tawny.vercel.app/term/bran","Existing relation; detailed editorial relevance review pending"
"bolting","extraction-rate","https://crust-and-crumb-tawny.vercel.app/term/extraction-rate","Existing relation; detailed editorial relevance review pending"
"bolting","high-extraction-flour","https://crust-and-crumb-tawny.vercel.app/term/high-extraction-flour","Existing relation; detailed editorial relevance review pending"
"boule","batard","https://crust-and-crumb-tawny.vercel.app/term/batard","Existing relation; detailed editorial relevance review pending"
"boule","banneton","https://crust-and-crumb-tawny.vercel.app/term/banneton","Existing relation; detailed editorial relevance review pending"
"boule","shaping","https://crust-and-crumb-tawny.vercel.app/term/shaping","Existing relation; detailed editorial relevance review pending"
"bowl-scraper","bench-scraper","https://crust-and-crumb-tawny.vercel.app/term/bench-scraper","Existing relation; detailed editorial relevance review pending"
"bowl-scraper","dough-container","https://crust-and-crumb-tawny.vercel.app/term/dough-container","Existing relation; detailed editorial relevance review pending"
"bowl-scraper","shaggy-mass","https://crust-and-crumb-tawny.vercel.app/term/shaggy-mass","Existing relation; detailed editorial relevance review pending"
"bowl-scraper","stretch-and-fold","https://crust-and-crumb-tawny.vercel.app/term/stretch-and-fold","Existing relation; detailed editorial relevance review pending"
"braiding","challah","https://crust-and-crumb-tawny.vercel.app/term/challah","Existing relation; detailed editorial relevance review pending"
"braiding","enriched-dough","https://crust-and-crumb-tawny.vercel.app/term/enriched-dough","Existing relation; detailed editorial relevance review pending"
"braiding","egg-wash","https://crust-and-crumb-tawny.vercel.app/term/egg-wash","Existing relation; detailed editorial relevance review pending"
"braiding","shaping","https://crust-and-crumb-tawny.vercel.app/term/shaping","Existing relation; detailed editorial relevance review pending"
"bran","wheat-berry","https://crust-and-crumb-tawny.vercel.app/term/wheat-berry","Existing relation; detailed editorial relevance review pending"
"bran","aleurone-layer","https://crust-and-crumb-tawny.vercel.app/term/aleurone-layer","Existing relation; detailed editorial relevance review pending"
"bran","bran-sharpness","https://crust-and-crumb-tawny.vercel.app/term/bran-sharpness","Existing relation; detailed editorial relevance review pending"
"bran","bran-soaker","https://crust-and-crumb-tawny.vercel.app/term/bran-soaker","Existing relation; detailed editorial relevance review pending"
"bran","bolting","https://crust-and-crumb-tawny.vercel.app/term/bolting","Existing relation; detailed editorial relevance review pending"
"bran-sharpness","bran","https://crust-and-crumb-tawny.vercel.app/term/bran","Existing relation; detailed editorial relevance review pending"
"bran-sharpness","bran-soaker","https://crust-and-crumb-tawny.vercel.app/term/bran-soaker","Existing relation; detailed editorial relevance review pending"
"bran-sharpness","particle-size","https://crust-and-crumb-tawny.vercel.app/term/particle-size","Existing relation; detailed editorial relevance review pending"
"bran-sharpness","gluten","https://crust-and-crumb-tawny.vercel.app/term/gluten","Existing relation; detailed editorial relevance review pending"
"bran-sharpness","pentosans","https://crust-and-crumb-tawny.vercel.app/term/pentosans","Existing relation; detailed editorial relevance review pending"
"bran-soaker","soaker","https://crust-and-crumb-tawny.vercel.app/term/soaker","Existing relation; detailed editorial relevance review pending"
"bran-soaker","bran","https://crust-and-crumb-tawny.vercel.app/term/bran","Existing relation; detailed editorial relevance review pending"
"bran-soaker","bolting","https://crust-and-crumb-tawny.vercel.app/term/bolting","Existing relation; detailed editorial relevance review pending"
"bran-soaker","bran-sharpness","https://crust-and-crumb-tawny.vercel.app/term/bran-sharpness","Existing relation; detailed editorial relevance review pending"
"bran-soaker","hydration","https://crust-and-crumb-tawny.vercel.app/term/hydration","Existing relation; detailed editorial relevance review pending"
"bread-flour","gluten","https://crust-and-crumb-tawny.vercel.app/term/gluten","Existing relation; detailed editorial relevance review pending"
"bread-flour","crumb","https://crust-and-crumb-tawny.vercel.app/term/crumb","Existing relation; detailed editorial relevance review pending"
"bread-flour","hydration","https://crust-and-crumb-tawny.vercel.app/term/hydration","Existing relation; detailed editorial relevance review pending"
"bread-knife","cooling-rack","https://crust-and-crumb-tawny.vercel.app/term/cooling-rack","Existing relation; detailed editorial relevance review pending"
"bread-knife","crust","https://crust-and-crumb-tawny.vercel.app/term/crust","Existing relation; detailed editorial relevance review pending"
"bread-knife","crumb","https://crust-and-crumb-tawny.vercel.app/term/crumb","Existing relation; detailed editorial relevance review pending"
"bread-knife","gummy-crumb","https://crust-and-crumb-tawny.vercel.app/term/gummy-crumb","Existing relation; detailed editorial relevance review pending"
"bread-wheat","modern-wheat","https://crust-and-crumb-tawny.vercel.app/term/modern-wheat","Existing relation; detailed editorial relevance review pending"
"bread-wheat","wheat-class","https://crust-and-crumb-tawny.vercel.app/term/wheat-class","Existing relation; detailed editorial relevance review pending"
"bread-wheat","gluten","https://crust-and-crumb-tawny.vercel.app/term/gluten","Existing relation; detailed editorial relevance review pending"
"bread-wheat","durum-wheat","https://crust-and-crumb-tawny.vercel.app/term/durum-wheat","Existing relation; detailed editorial relevance review pending"
"bread-wheat","einkorn","https://crust-and-crumb-tawny.vercel.app/term/einkorn","Existing relation; detailed editorial relevance review pending"
"brine","focaccia","https://crust-and-crumb-tawny.vercel.app/term/focaccia","Existing relation; detailed editorial relevance review pending"
"brine","salt","https://crust-and-crumb-tawny.vercel.app/term/salt","Existing relation; detailed editorial relevance review pending"
"brine","docking","https://crust-and-crumb-tawny.vercel.app/term/docking","Existing relation; detailed editorial relevance review pending"
"brine","lye","https://crust-and-crumb-tawny.vercel.app/term/lye","Existing relation; detailed editorial relevance review pending"
"brioche","enriched-dough","https://crust-and-crumb-tawny.vercel.app/term/enriched-dough","Existing relation; detailed editorial relevance review pending"
"brioche","windowpane-test","https://crust-and-crumb-tawny.vercel.app/term/windowpane-test","Existing relation; detailed editorial relevance review pending"
"bruhstuck","scald","https://crust-and-crumb-tawny.vercel.app/term/scald","Existing relation; detailed editorial relevance review pending"
"bruhstuck","quellstuck","https://crust-and-crumb-tawny.vercel.app/term/quellstuck","Existing relation; detailed editorial relevance review pending"
"bruhstuck","kochstuck","https://crust-and-crumb-tawny.vercel.app/term/kochstuck","Existing relation; detailed editorial relevance review pending"
"bruhstuck","soaker","https://crust-and-crumb-tawny.vercel.app/term/soaker","Existing relation; detailed editorial relevance review pending"
"bruhstuck","vollkornbrot","https://crust-and-crumb-tawny.vercel.app/term/vollkornbrot","Existing relation; detailed editorial relevance review pending"
"buckwheat","pseudocereal","https://crust-and-crumb-tawny.vercel.app/term/pseudocereal","Existing relation; detailed editorial relevance review pending"
"buckwheat","quinoa","https://crust-and-crumb-tawny.vercel.app/term/quinoa","Existing relation; detailed editorial relevance review pending"
"buckwheat","amaranth","https://crust-and-crumb-tawny.vercel.app/term/amaranth","Existing relation; detailed editorial relevance review pending"
"buckwheat","rye-flour","https://crust-and-crumb-tawny.vercel.app/term/rye-flour","Existing relation; detailed editorial relevance review pending"
"bulk-fermentation","fermentation","https://crust-and-crumb-tawny.vercel.app/term/fermentation","Existing relation; detailed editorial relevance review pending"
"bulk-fermentation","stretch-and-fold","https://crust-and-crumb-tawny.vercel.app/term/stretch-and-fold","Existing relation; detailed editorial relevance review pending"
"bulk-fermentation","coil-fold","https://crust-and-crumb-tawny.vercel.app/term/coil-fold","Existing relation; detailed editorial relevance review pending"
"bulk-fermentation","bulk-rise-target","https://crust-and-crumb-tawny.vercel.app/term/bulk-rise-target","Existing relation; detailed editorial relevance review pending"
"bulk-fermentation","underfermented","https://crust-and-crumb-tawny.vercel.app/term/underfermented","Existing relation; detailed editorial relevance review pending"
"bulk-fermentation","proofing","https://crust-and-crumb-tawny.vercel.app/term/proofing","Existing relation; detailed editorial relevance review pending"
"bulk-rise-target","bulk-fermentation","https://crust-and-crumb-tawny.vercel.app/term/bulk-fermentation","Existing relation; detailed editorial relevance review pending"
"bulk-rise-target","aliquot-jar","https://crust-and-crumb-tawny.vercel.app/term/aliquot-jar","Existing relation; detailed editorial relevance review pending"
"bulk-rise-target","inoculation","https://crust-and-crumb-tawny.vercel.app/term/inoculation","Existing relation; detailed editorial relevance review pending"
"bulk-rise-target","desired-dough-temperature","https://crust-and-crumb-tawny.vercel.app/term/desired-dough-temperature","Existing relation; detailed editorial relevance review pending"
"bulk-rise-target","underfermented","https://crust-and-crumb-tawny.vercel.app/term/underfermented","Existing relation; detailed editorial relevance review pending"
"buttermilk","baking-soda","https://crust-and-crumb-tawny.vercel.app/term/baking-soda","Existing relation; detailed editorial relevance review pending"
"buttermilk","quick-bread","https://crust-and-crumb-tawny.vercel.app/term/quick-bread","Existing relation; detailed editorial relevance review pending"
"buttermilk","enriched-dough","https://crust-and-crumb-tawny.vercel.app/term/enriched-dough","Existing relation; detailed editorial relevance review pending"
"buttermilk","baking-powder","https://crust-and-crumb-tawny.vercel.app/term/baking-powder","Existing relation; detailed editorial relevance review pending"
"caramelization","maillard-reaction","https://crust-and-crumb-tawny.vercel.app/term/maillard-reaction","Existing relation; detailed editorial relevance review pending"
"caramelization","crust","https://crust-and-crumb-tawny.vercel.app/term/crust","Existing relation; detailed editorial relevance review pending"
"caramelization","pale-crust","https://crust-and-crumb-tawny.vercel.app/term/pale-crust","Existing relation; detailed editorial relevance review pending"
"caramelization","maltose","https://crust-and-crumb-tawny.vercel.app/term/maltose","Existing relation; detailed editorial relevance review pending"
"cast-iron-skillet","naan","https://crust-and-crumb-tawny.vercel.app/term/naan","Existing relation; detailed editorial relevance review pending"
"cast-iron-skillet","pita","https://crust-and-crumb-tawny.vercel.app/term/pita","Existing relation; detailed editorial relevance review pending"
"cast-iron-skillet","english-muffin","https://crust-and-crumb-tawny.vercel.app/term/english-muffin","Existing relation; detailed editorial relevance review pending"
"cast-iron-skillet","focaccia","https://crust-and-crumb-tawny.vercel.app/term/focaccia","Existing relation; detailed editorial relevance review pending"
"cast-iron-skillet","dutch-oven","https://crust-and-crumb-tawny.vercel.app/term/dutch-oven","Existing relation; detailed editorial relevance review pending"
"challah","brioche","https://crust-and-crumb-tawny.vercel.app/term/brioche","Existing relation; detailed editorial relevance review pending"
"ciabatta","hydration","https://crust-and-crumb-tawny.vercel.app/term/hydration","Existing relation; detailed editorial relevance review pending"
"ciabatta","biga","https://crust-and-crumb-tawny.vercel.app/term/biga","Existing relation; detailed editorial relevance review pending"
"ciabatta","bassinage","https://crust-and-crumb-tawny.vercel.app/term/bassinage","Existing relation; detailed editorial relevance review pending"
"clear-flour","patent-flour","https://crust-and-crumb-tawny.vercel.app/term/patent-flour","Existing relation; detailed editorial relevance review pending"
"clear-flour","straight-grade-flour","https://crust-and-crumb-tawny.vercel.app/term/straight-grade-flour","Existing relation; detailed editorial relevance review pending"
"clear-flour","rye-flour","https://crust-and-crumb-tawny.vercel.app/term/rye-flour","Existing relation; detailed editorial relevance review pending"
"clear-flour","ash-content","https://crust-and-crumb-tawny.vercel.app/term/ash-content","Existing relation; detailed editorial relevance review pending"
"clear-flour","pumpernickel","https://crust-and-crumb-tawny.vercel.app/term/pumpernickel","Existing relation; detailed editorial relevance review pending"
"cloche","dutch-oven","https://crust-and-crumb-tawny.vercel.app/term/dutch-oven","Existing relation; detailed editorial relevance review pending"
"cloche","oven-spring","https://crust-and-crumb-tawny.vercel.app/term/oven-spring","Existing relation; detailed editorial relevance review pending"
"coil-fold","stretch-and-fold","https://crust-and-crumb-tawny.vercel.app/term/stretch-and-fold","Existing relation; detailed editorial relevance review pending"
"coil-fold","bulk-fermentation","https://crust-and-crumb-tawny.vercel.app/term/bulk-fermentation","Existing relation; detailed editorial relevance review pending"
"coil-fold","gluten","https://crust-and-crumb-tawny.vercel.app/term/gluten","Existing relation; detailed editorial relevance review pending"
"cold-bulk","bulk-fermentation","https://crust-and-crumb-tawny.vercel.app/term/bulk-fermentation","Existing relation; detailed editorial relevance review pending"
"cold-bulk","retarding","https://crust-and-crumb-tawny.vercel.app/term/retarding","Existing relation; detailed editorial relevance review pending"
"cold-bulk","cold-proof","https://crust-and-crumb-tawny.vercel.app/term/cold-proof","Existing relation; detailed editorial relevance review pending"
"cold-bulk","acetic-acid","https://crust-and-crumb-tawny.vercel.app/term/acetic-acid","Existing relation; detailed editorial relevance review pending"
"cold-proof","retarding","https://crust-and-crumb-tawny.vercel.app/term/retarding","Existing relation; detailed editorial relevance review pending"
"cold-proof","proofing","https://crust-and-crumb-tawny.vercel.app/term/proofing","Existing relation; detailed editorial relevance review pending"
"cold-proof","fermentation","https://crust-and-crumb-tawny.vercel.app/term/fermentation","Existing relation; detailed editorial relevance review pending"
"colomba","panettone","https://crust-and-crumb-tawny.vercel.app/term/panettone","Existing relation; detailed editorial relevance review pending"
"colomba","lievito-madre","https://crust-and-crumb-tawny.vercel.app/term/lievito-madre","Existing relation; detailed editorial relevance review pending"
"colomba","enriched-dough","https://crust-and-crumb-tawny.vercel.app/term/enriched-dough","Existing relation; detailed editorial relevance review pending"
"colomba","preferment","https://crust-and-crumb-tawny.vercel.app/term/preferment","Existing relation; detailed editorial relevance review pending"
"combo-cooker","dutch-oven","https://crust-and-crumb-tawny.vercel.app/term/dutch-oven","Existing relation; detailed editorial relevance review pending"
"combo-cooker","oven-steam","https://crust-and-crumb-tawny.vercel.app/term/oven-steam","Existing relation; detailed editorial relevance review pending"
"cooling-rack","crumb","https://crust-and-crumb-tawny.vercel.app/term/crumb","Existing relation; detailed editorial relevance review pending"
"cooling-rack","gummy-crumb","https://crust-and-crumb-tawny.vercel.app/term/gummy-crumb","Existing relation; detailed editorial relevance review pending"
"cornmeal","pizza-peel","https://crust-and-crumb-tawny.vercel.app/term/pizza-peel","Existing relation; detailed editorial relevance review pending"
"cornmeal","semolina-flour","https://crust-and-crumb-tawny.vercel.app/term/semolina-flour","Existing relation; detailed editorial relevance review pending"
"cornmeal","english-muffin","https://crust-and-crumb-tawny.vercel.app/term/english-muffin","Existing relation; detailed editorial relevance review pending"
"cornmeal","rice-flour","https://crust-and-crumb-tawny.vercel.app/term/rice-flour","Existing relation; detailed editorial relevance review pending"
"cracked-grain","soaker","https://crust-and-crumb-tawny.vercel.app/term/soaker","Existing relation; detailed editorial relevance review pending"
"cracked-grain","wheat-berry","https://crust-and-crumb-tawny.vercel.app/term/wheat-berry","Existing relation; detailed editorial relevance review pending"
"cracked-grain","stone-mill","https://crust-and-crumb-tawny.vercel.app/term/stone-mill","Existing relation; detailed editorial relevance review pending"
"cracked-grain","inclusions","https://crust-and-crumb-tawny.vercel.app/term/inclusions","Existing relation; detailed editorial relevance review pending"
"cracked-grain","scald","https://crust-and-crumb-tawny.vercel.app/term/scald","Existing relation; detailed editorial relevance review pending"
"croissant","laminated-dough","https://crust-and-crumb-tawny.vercel.app/term/laminated-dough","Existing relation; detailed editorial relevance review pending"
"croissant","dough-sheeter","https://crust-and-crumb-tawny.vercel.app/term/dough-sheeter","Existing relation; detailed editorial relevance review pending"
"croissant","rolling-pin","https://crust-and-crumb-tawny.vercel.app/term/rolling-pin","Existing relation; detailed editorial relevance review pending"
"croissant","egg-wash","https://crust-and-crumb-tawny.vercel.app/term/egg-wash","Existing relation; detailed editorial relevance review pending"
"croissant","letter-fold","https://crust-and-crumb-tawny.vercel.app/term/letter-fold","Existing relation; detailed editorial relevance review pending"
"cross-score","boule","https://crust-and-crumb-tawny.vercel.app/term/boule","Existing relation; detailed editorial relevance review pending"
"cross-score","scoring","https://crust-and-crumb-tawny.vercel.app/term/scoring","Existing relation; detailed editorial relevance review pending"
"crumb","hydration","https://crust-and-crumb-tawny.vercel.app/term/hydration","Existing relation; detailed editorial relevance review pending"
"crumb","fermentation","https://crust-and-crumb-tawny.vercel.app/term/fermentation","Existing relation; detailed editorial relevance review pending"
"crumb","shaping","https://crust-and-crumb-tawny.vercel.app/term/shaping","Existing relation; detailed editorial relevance review pending"
"crust","maillard-reaction","https://crust-and-crumb-tawny.vercel.app/term/maillard-reaction","Existing relation; detailed editorial relevance review pending"
"crust","crumb","https://crust-and-crumb-tawny.vercel.app/term/crumb","Existing relation; detailed editorial relevance review pending"
"damaged-starch","amylase","https://crust-and-crumb-tawny.vercel.app/term/amylase","Existing relation; detailed editorial relevance review pending"
"damaged-starch","particle-size","https://crust-and-crumb-tawny.vercel.app/term/particle-size","Existing relation; detailed editorial relevance review pending"
"damaged-starch","hydration","https://crust-and-crumb-tawny.vercel.app/term/hydration","Existing relation; detailed editorial relevance review pending"
"damaged-starch","falling-number","https://crust-and-crumb-tawny.vercel.app/term/falling-number","Existing relation; detailed editorial relevance review pending"
"damaged-starch","gummy-crumb","https://crust-and-crumb-tawny.vercel.app/term/gummy-crumb","Existing relation; detailed editorial relevance review pending"
"degassing","pre-shape","https://crust-and-crumb-tawny.vercel.app/term/pre-shape","Existing relation; detailed editorial relevance review pending"
"degassing","shaping","https://crust-and-crumb-tawny.vercel.app/term/shaping","Existing relation; detailed editorial relevance review pending"
"degassing","crumb","https://crust-and-crumb-tawny.vercel.app/term/crumb","Existing relation; detailed editorial relevance review pending"
"degassing","bulk-fermentation","https://crust-and-crumb-tawny.vercel.app/term/bulk-fermentation","Existing relation; detailed editorial relevance review pending"
"degassing","oven-spring","https://crust-and-crumb-tawny.vercel.app/term/oven-spring","Existing relation; detailed editorial relevance review pending"
"dense-crumb","proofing","https://crust-and-crumb-tawny.vercel.app/term/proofing","Existing relation; detailed editorial relevance review pending"
"desired-dough-temperature","fermentation","https://crust-and-crumb-tawny.vercel.app/term/fermentation","Existing relation; detailed editorial relevance review pending"
"desired-dough-temperature","bulk-fermentation","https://crust-and-crumb-tawny.vercel.app/term/bulk-fermentation","Existing relation; detailed editorial relevance review pending"
"detroit-style-pizza","focaccia","https://crust-and-crumb-tawny.vercel.app/term/focaccia","Existing relation; detailed editorial relevance review pending"
"detroit-style-pizza","hydration","https://crust-and-crumb-tawny.vercel.app/term/hydration","Existing relation; detailed editorial relevance review pending"
"detroit-style-pizza","cast-iron-skillet","https://crust-and-crumb-tawny.vercel.app/term/cast-iron-skillet","Existing relation; detailed editorial relevance review pending"
"detroit-style-pizza","crust","https://crust-and-crumb-tawny.vercel.app/term/crust","Existing relation; detailed editorial relevance review pending"
"detroit-style-pizza","caramelization","https://crust-and-crumb-tawny.vercel.app/term/caramelization","Existing relation; detailed editorial relevance review pending"
"digital-scale","bakers-percentage","https://crust-and-crumb-tawny.vercel.app/term/bakers-percentage","Existing relation; detailed editorial relevance review pending"
"digital-scale","hydration","https://crust-and-crumb-tawny.vercel.app/term/hydration","Existing relation; detailed editorial relevance review pending"
"discard","sourdough-starter","https://crust-and-crumb-tawny.vercel.app/term/sourdough-starter","Existing relation; detailed editorial relevance review pending"
"discard","feeding","https://crust-and-crumb-tawny.vercel.app/term/feeding","Existing relation; detailed editorial relevance review pending"
"docking","focaccia","https://crust-and-crumb-tawny.vercel.app/term/focaccia","Existing relation; detailed editorial relevance review pending"
"docking","pizza-dough-balls","https://crust-and-crumb-tawny.vercel.app/term/pizza-dough-balls","Existing relation; detailed editorial relevance review pending"
"dough-container","bulk-fermentation","https://crust-and-crumb-tawny.vercel.app/term/bulk-fermentation","Existing relation; detailed editorial relevance review pending"
"dough-container","bulk-rise-target","https://crust-and-crumb-tawny.vercel.app/term/bulk-rise-target","Existing relation; detailed editorial relevance review pending"
"dough-container","aliquot-jar","https://crust-and-crumb-tawny.vercel.app/term/aliquot-jar","Existing relation; detailed editorial relevance review pending"
"dough-container","bowl-scraper","https://crust-and-crumb-tawny.vercel.app/term/bowl-scraper","Existing relation; detailed editorial relevance review pending"
"dough-sheeter","laminated-dough","https://crust-and-crumb-tawny.vercel.app/term/laminated-dough","Existing relation; detailed editorial relevance review pending"
"dough-sheeter","croissant","https://crust-and-crumb-tawny.vercel.app/term/croissant","Existing relation; detailed editorial relevance review pending"
"dough-sheeter","rolling-pin","https://crust-and-crumb-tawny.vercel.app/term/rolling-pin","Existing relation; detailed editorial relevance review pending"
"dough-sheeter","lamination","https://crust-and-crumb-tawny.vercel.app/term/lamination","Existing relation; detailed editorial relevance review pending"
"durum-wheat","semolina-flour","https://crust-and-crumb-tawny.vercel.app/term/semolina-flour","Existing relation; detailed editorial relevance review pending"
"durum-wheat","hard-wheat","https://crust-and-crumb-tawny.vercel.app/term/hard-wheat","Existing relation; detailed editorial relevance review pending"
"durum-wheat","extensibility","https://crust-and-crumb-tawny.vercel.app/term/extensibility","Existing relation; detailed editorial relevance review pending"
"durum-wheat","tenacity","https://crust-and-crumb-tawny.vercel.app/term/tenacity","Existing relation; detailed editorial relevance review pending"
"durum-wheat","emmer","https://crust-and-crumb-tawny.vercel.app/term/emmer","Existing relation; detailed editorial relevance review pending"
"dutch-oven","oven-spring","https://crust-and-crumb-tawny.vercel.app/term/oven-spring","Existing relation; detailed editorial relevance review pending"
"dutch-oven","scoring","https://crust-and-crumb-tawny.vercel.app/term/scoring","Existing relation; detailed editorial relevance review pending"
"ear","scoring","https://crust-and-crumb-tawny.vercel.app/term/scoring","Existing relation; detailed editorial relevance review pending"
"ear","lame","https://crust-and-crumb-tawny.vercel.app/term/lame","Existing relation; detailed editorial relevance review pending"
"ear","oven-spring","https://crust-and-crumb-tawny.vercel.app/term/oven-spring","Existing relation; detailed editorial relevance review pending"
"egg-wash","challah","https://crust-and-crumb-tawny.vercel.app/term/challah","Existing relation; detailed editorial relevance review pending"
"egg-wash","brioche","https://crust-and-crumb-tawny.vercel.app/term/brioche","Existing relation; detailed editorial relevance review pending"
"egg-wash","enriched-dough","https://crust-and-crumb-tawny.vercel.app/term/enriched-dough","Existing relation; detailed editorial relevance review pending"
"egg-wash","maillard-reaction","https://crust-and-crumb-tawny.vercel.app/term/maillard-reaction","Existing relation; detailed editorial relevance review pending"
"egg-wash","crust","https://crust-and-crumb-tawny.vercel.app/term/crust","Existing relation; detailed editorial relevance review pending"
"einkorn","ancient-grain","https://crust-and-crumb-tawny.vercel.app/term/ancient-grain","Existing relation; detailed editorial relevance review pending"
"einkorn","emmer","https://crust-and-crumb-tawny.vercel.app/term/emmer","Existing relation; detailed editorial relevance review pending"
"einkorn","gluten","https://crust-and-crumb-tawny.vercel.app/term/gluten","Existing relation; detailed editorial relevance review pending"
"einkorn","hydration","https://crust-and-crumb-tawny.vercel.app/term/hydration","Existing relation; detailed editorial relevance review pending"
"einkorn","overmixing","https://crust-and-crumb-tawny.vercel.app/term/overmixing","Existing relation; detailed editorial relevance review pending"
"elasticity","extensibility","https://crust-and-crumb-tawny.vercel.app/term/extensibility","Existing relation; detailed editorial relevance review pending"
"elasticity","gluten","https://crust-and-crumb-tawny.vercel.app/term/gluten","Existing relation; detailed editorial relevance review pending"
"elasticity","bench-rest","https://crust-and-crumb-tawny.vercel.app/term/bench-rest","Existing relation; detailed editorial relevance review pending"
"emmer","farro","https://crust-and-crumb-tawny.vercel.app/term/farro","Existing relation; detailed editorial relevance review pending"
"emmer","einkorn","https://crust-and-crumb-tawny.vercel.app/term/einkorn","Existing relation; detailed editorial relevance review pending"
"emmer","durum-wheat","https://crust-and-crumb-tawny.vercel.app/term/durum-wheat","Existing relation; detailed editorial relevance review pending"
"emmer","ancient-grain","https://crust-and-crumb-tawny.vercel.app/term/ancient-grain","Existing relation; detailed editorial relevance review pending"
"endosperm","wheat-berry","https://crust-and-crumb-tawny.vercel.app/term/wheat-berry","Existing relation; detailed editorial relevance review pending"
"endosperm","bran","https://crust-and-crumb-tawny.vercel.app/term/bran","Existing relation; detailed editorial relevance review pending"
"endosperm","germ","https://crust-and-crumb-tawny.vercel.app/term/germ","Existing relation; detailed editorial relevance review pending"
"endosperm","patent-flour","https://crust-and-crumb-tawny.vercel.app/term/patent-flour","Existing relation; detailed editorial relevance review pending"
"endosperm","gluten","https://crust-and-crumb-tawny.vercel.app/term/gluten","Existing relation; detailed editorial relevance review pending"
"english-muffin","crumb","https://crust-and-crumb-tawny.vercel.app/term/crumb","Existing relation; detailed editorial relevance review pending"
"enriched-dough","brioche","https://crust-and-crumb-tawny.vercel.app/term/brioche","Existing relation; detailed editorial relevance review pending"
"enriched-dough","challah","https://crust-and-crumb-tawny.vercel.app/term/challah","Existing relation; detailed editorial relevance review pending"
"enriched-dough","lean-dough","https://crust-and-crumb-tawny.vercel.app/term/lean-dough","Existing relation; detailed editorial relevance review pending"
"extensibility","elasticity","https://crust-and-crumb-tawny.vercel.app/term/elasticity","Existing relation; detailed editorial relevance review pending"
"extensibility","gluten","https://crust-and-crumb-tawny.vercel.app/term/gluten","Existing relation; detailed editorial relevance review pending"
"extensibility","autolyse","https://crust-and-crumb-tawny.vercel.app/term/autolyse","Existing relation; detailed editorial relevance review pending"
"extraction-rate","high-extraction-flour","https://crust-and-crumb-tawny.vercel.app/term/high-extraction-flour","Existing relation; detailed editorial relevance review pending"
"extraction-rate","bolted-flour","https://crust-and-crumb-tawny.vercel.app/term/bolted-flour","Existing relation; detailed editorial relevance review pending"
"extraction-rate","ash-content","https://crust-and-crumb-tawny.vercel.app/term/ash-content","Existing relation; detailed editorial relevance review pending"
"extraction-rate","type-flour","https://crust-and-crumb-tawny.vercel.app/term/type-flour","Existing relation; detailed editorial relevance review pending"
"extraction-rate","whole-wheat-flour","https://crust-and-crumb-tawny.vercel.app/term/whole-wheat-flour","Existing relation; detailed editorial relevance review pending"
"falling-number","amylase","https://crust-and-crumb-tawny.vercel.app/term/amylase","Existing relation; detailed editorial relevance review pending"
"falling-number","sprout-damage","https://crust-and-crumb-tawny.vercel.app/term/sprout-damage","Existing relation; detailed editorial relevance review pending"
"falling-number","diastatic-malt","https://crust-and-crumb-tawny.vercel.app/term/diastatic-malt","Existing relation; detailed editorial relevance review pending"
"falling-number","gummy-crumb","https://crust-and-crumb-tawny.vercel.app/term/gummy-crumb","Existing relation; detailed editorial relevance review pending"
"falling-number","starch-attack","https://crust-and-crumb-tawny.vercel.app/term/starch-attack","Existing relation; detailed editorial relevance review pending"
"farro","emmer","https://crust-and-crumb-tawny.vercel.app/term/emmer","Existing relation; detailed editorial relevance review pending"
"farro","einkorn","https://crust-and-crumb-tawny.vercel.app/term/einkorn","Existing relation; detailed editorial relevance review pending"
"farro","spelt-flour","https://crust-and-crumb-tawny.vercel.app/term/spelt-flour","Existing relation; detailed editorial relevance review pending"
"farro","soaker","https://crust-and-crumb-tawny.vercel.app/term/soaker","Existing relation; detailed editorial relevance review pending"
"farro","ancient-grain","https://crust-and-crumb-tawny.vercel.app/term/ancient-grain","Existing relation; detailed editorial relevance review pending"
"feeding","sourdough-starter","https://crust-and-crumb-tawny.vercel.app/term/sourdough-starter","Existing relation; detailed editorial relevance review pending"
"feeding","discard","https://crust-and-crumb-tawny.vercel.app/term/discard","Existing relation; detailed editorial relevance review pending"
"feeding-ratio","feeding","https://crust-and-crumb-tawny.vercel.app/term/feeding","Existing relation; detailed editorial relevance review pending"
"feeding-ratio","sourdough-starter","https://crust-and-crumb-tawny.vercel.app/term/sourdough-starter","Existing relation; detailed editorial relevance review pending"
"feeding-ratio","peak","https://crust-and-crumb-tawny.vercel.app/term/peak","Existing relation; detailed editorial relevance review pending"
"feeding-ratio","inoculation","https://crust-and-crumb-tawny.vercel.app/term/inoculation","Existing relation; detailed editorial relevance review pending"
"feeding-ratio","levain","https://crust-and-crumb-tawny.vercel.app/term/levain","Existing relation; detailed editorial relevance review pending"
"fermentation","bulk-fermentation","https://crust-and-crumb-tawny.vercel.app/term/bulk-fermentation","Existing relation; detailed editorial relevance review pending"
"fermentation","proofing","https://crust-and-crumb-tawny.vercel.app/term/proofing","Existing relation; detailed editorial relevance review pending"
"fermentolyse","autolyse","https://crust-and-crumb-tawny.vercel.app/term/autolyse","Existing relation; detailed editorial relevance review pending"
"fermentolyse","sourdough-starter","https://crust-and-crumb-tawny.vercel.app/term/sourdough-starter","Existing relation; detailed editorial relevance review pending"
"float-test","sourdough-starter","https://crust-and-crumb-tawny.vercel.app/term/sourdough-starter","Existing relation; detailed editorial relevance review pending"
"float-test","feeding","https://crust-and-crumb-tawny.vercel.app/term/feeding","Existing relation; detailed editorial relevance review pending"
"flour-freshness","fresh-milled-flour","https://crust-and-crumb-tawny.vercel.app/term/fresh-milled-flour","Existing relation; detailed editorial relevance review pending"
"flour-freshness","germ","https://crust-and-crumb-tawny.vercel.app/term/germ","Existing relation; detailed editorial relevance review pending"
"flour-freshness","aged-flour","https://crust-and-crumb-tawny.vercel.app/term/aged-flour","Existing relation; detailed editorial relevance review pending"
"flour-freshness","whole-wheat-flour","https://crust-and-crumb-tawny.vercel.app/term/whole-wheat-flour","Existing relation; detailed editorial relevance review pending"
"flour-strength","protein-content","https://crust-and-crumb-tawny.vercel.app/term/protein-content","Existing relation; detailed editorial relevance review pending"
"flour-strength","gluten-quality","https://crust-and-crumb-tawny.vercel.app/term/gluten-quality","Existing relation; detailed editorial relevance review pending"
"flour-strength","w-value","https://crust-and-crumb-tawny.vercel.app/term/w-value","Existing relation; detailed editorial relevance review pending"
"flour-strength","tenacity","https://crust-and-crumb-tawny.vercel.app/term/tenacity","Existing relation; detailed editorial relevance review pending"
"flour-strength","bread-flour","https://crust-and-crumb-tawny.vercel.app/term/bread-flour","Existing relation; detailed editorial relevance review pending"
"flying-crust","proofing","https://crust-and-crumb-tawny.vercel.app/term/proofing","Existing relation; detailed editorial relevance review pending"
"flying-crust","shaping","https://crust-and-crumb-tawny.vercel.app/term/shaping","Existing relation; detailed editorial relevance review pending"
"focaccia","pizza-dough-balls","https://crust-and-crumb-tawny.vercel.app/term/pizza-dough-balls","Existing relation; detailed editorial relevance review pending"
"focaccia","fermentation","https://crust-and-crumb-tawny.vercel.app/term/fermentation","Existing relation; detailed editorial relevance review pending"
"fonio","millet","https://crust-and-crumb-tawny.vercel.app/term/millet","Existing relation; detailed editorial relevance review pending"
"fonio","teff","https://crust-and-crumb-tawny.vercel.app/term/teff","Existing relation; detailed editorial relevance review pending"
"fonio","sorghum","https://crust-and-crumb-tawny.vercel.app/term/sorghum","Existing relation; detailed editorial relevance review pending"
"fonio","ancient-grain","https://crust-and-crumb-tawny.vercel.app/term/ancient-grain","Existing relation; detailed editorial relevance review pending"
"fools-crumb","underfermented","https://crust-and-crumb-tawny.vercel.app/term/underfermented","Existing relation; detailed editorial relevance review pending"
"fools-crumb","crumb","https://crust-and-crumb-tawny.vercel.app/term/crumb","Existing relation; detailed editorial relevance review pending"
"fools-crumb","dense-crumb","https://crust-and-crumb-tawny.vercel.app/term/dense-crumb","Existing relation; detailed editorial relevance review pending"
"fools-crumb","gummy-crumb","https://crust-and-crumb-tawny.vercel.app/term/gummy-crumb","Existing relation; detailed editorial relevance review pending"
"fools-crumb","flying-crust","https://crust-and-crumb-tawny.vercel.app/term/flying-crust","Existing relation; detailed editorial relevance review pending"
"fougasse","focaccia","https://crust-and-crumb-tawny.vercel.app/term/focaccia","Existing relation; detailed editorial relevance review pending"
"fougasse","leaf-score","https://crust-and-crumb-tawny.vercel.app/term/leaf-score","Existing relation; detailed editorial relevance review pending"
"fougasse","lean-dough","https://crust-and-crumb-tawny.vercel.app/term/lean-dough","Existing relation; detailed editorial relevance review pending"
"fougasse","inclusions","https://crust-and-crumb-tawny.vercel.app/term/inclusions","Existing relation; detailed editorial relevance review pending"
"fresh-yeast","instant-yeast","https://crust-and-crumb-tawny.vercel.app/term/instant-yeast","Existing relation; detailed editorial relevance review pending"
"fresh-yeast","enriched-dough","https://crust-and-crumb-tawny.vercel.app/term/enriched-dough","Existing relation; detailed editorial relevance review pending"
"fresh-milled-flour","home-milling","https://crust-and-crumb-tawny.vercel.app/term/home-milling","Existing relation; detailed editorial relevance review pending"
"fresh-milled-flour","wheat-berry","https://crust-and-crumb-tawny.vercel.app/term/wheat-berry","Existing relation; detailed editorial relevance review pending"
"fresh-milled-flour","flour-freshness","https://crust-and-crumb-tawny.vercel.app/term/flour-freshness","Existing relation; detailed editorial relevance review pending"
"fresh-milled-flour","hydration","https://crust-and-crumb-tawny.vercel.app/term/hydration","Existing relation; detailed editorial relevance review pending"
"fresh-milled-flour","whole-wheat-flour","https://crust-and-crumb-tawny.vercel.app/term/whole-wheat-flour","Existing relation; detailed editorial relevance review pending"
"fresh-milled-flour","bolting","https://crust-and-crumb-tawny.vercel.app/term/bolting","Existing relation; detailed editorial relevance review pending"
"friction-factor","kneading","https://crust-and-crumb-tawny.vercel.app/term/kneading","Existing relation; detailed editorial relevance review pending"
"friction-factor","desired-dough-temperature","https://crust-and-crumb-tawny.vercel.app/term/desired-dough-temperature","Existing relation; detailed editorial relevance review pending"
"gelatinization","crumb","https://crust-and-crumb-tawny.vercel.app/term/crumb","Existing relation; detailed editorial relevance review pending"
"gelatinization","tangzhong","https://crust-and-crumb-tawny.vercel.app/term/tangzhong","Existing relation; detailed editorial relevance review pending"
"germ","wheat-berry","https://crust-and-crumb-tawny.vercel.app/term/wheat-berry","Existing relation; detailed editorial relevance review pending"
"germ","bran","https://crust-and-crumb-tawny.vercel.app/term/bran","Existing relation; detailed editorial relevance review pending"
"germ","endosperm","https://crust-and-crumb-tawny.vercel.app/term/endosperm","Existing relation; detailed editorial relevance review pending"
"germ","flour-freshness","https://crust-and-crumb-tawny.vercel.app/term/flour-freshness","Existing relation; detailed editorial relevance review pending"
"germ","whole-wheat-flour","https://crust-and-crumb-tawny.vercel.app/term/whole-wheat-flour","Existing relation; detailed editorial relevance review pending"
"gluten","kneading","https://crust-and-crumb-tawny.vercel.app/term/kneading","Existing relation; detailed editorial relevance review pending"
"gluten","windowpane-test","https://crust-and-crumb-tawny.vercel.app/term/windowpane-test","Existing relation; detailed editorial relevance review pending"
"gluten-quality","protein-content","https://crust-and-crumb-tawny.vercel.app/term/protein-content","Existing relation; detailed editorial relevance review pending"
"gluten-quality","gluten","https://crust-and-crumb-tawny.vercel.app/term/gluten","Existing relation; detailed editorial relevance review pending"
"gluten-quality","flour-strength","https://crust-and-crumb-tawny.vercel.app/term/flour-strength","Existing relation; detailed editorial relevance review pending"
"gluten-quality","extensibility","https://crust-and-crumb-tawny.vercel.app/term/extensibility","Existing relation; detailed editorial relevance review pending"
"gluten-quality","elasticity","https://crust-and-crumb-tawny.vercel.app/term/elasticity","Existing relation; detailed editorial relevance review pending"
"grain-mill","whole-wheat-flour","https://crust-and-crumb-tawny.vercel.app/term/whole-wheat-flour","Existing relation; detailed editorial relevance review pending"
"grain-mill","fermentation","https://crust-and-crumb-tawny.vercel.app/term/fermentation","Existing relation; detailed editorial relevance review pending"
"gummy-crumb","hydration","https://crust-and-crumb-tawny.vercel.app/term/hydration","Existing relation; detailed editorial relevance review pending"
"hard-red-spring-wheat","hard-red-winter-wheat","https://crust-and-crumb-tawny.vercel.app/term/hard-red-winter-wheat","Existing relation; detailed editorial relevance review pending"
"hard-red-spring-wheat","wheat-class","https://crust-and-crumb-tawny.vercel.app/term/wheat-class","Existing relation; detailed editorial relevance review pending"
"hard-red-spring-wheat","bread-flour","https://crust-and-crumb-tawny.vercel.app/term/bread-flour","Existing relation; detailed editorial relevance review pending"
"hard-red-spring-wheat","bagel","https://crust-and-crumb-tawny.vercel.app/term/bagel","Existing relation; detailed editorial relevance review pending"
"hard-red-spring-wheat","flour-strength","https://crust-and-crumb-tawny.vercel.app/term/flour-strength","Existing relation; detailed editorial relevance review pending"
"hard-red-winter-wheat","hard-red-spring-wheat","https://crust-and-crumb-tawny.vercel.app/term/hard-red-spring-wheat","Existing relation; detailed editorial relevance review pending"
"hard-red-winter-wheat","wheat-class","https://crust-and-crumb-tawny.vercel.app/term/wheat-class","Existing relation; detailed editorial relevance review pending"
"hard-red-winter-wheat","all-purpose-flour","https://crust-and-crumb-tawny.vercel.app/term/all-purpose-flour","Existing relation; detailed editorial relevance review pending"
"hard-red-winter-wheat","turkey-red","https://crust-and-crumb-tawny.vercel.app/term/turkey-red","Existing relation; detailed editorial relevance review pending"
"hard-red-winter-wheat","whole-wheat-flour","https://crust-and-crumb-tawny.vercel.app/term/whole-wheat-flour","Existing relation; detailed editorial relevance review pending"
"hard-wheat","soft-wheat","https://crust-and-crumb-tawny.vercel.app/term/soft-wheat","Existing relation; detailed editorial relevance review pending"
"hard-wheat","wheat-class","https://crust-and-crumb-tawny.vercel.app/term/wheat-class","Existing relation; detailed editorial relevance review pending"
"hard-wheat","bread-flour","https://crust-and-crumb-tawny.vercel.app/term/bread-flour","Existing relation; detailed editorial relevance review pending"
"hard-wheat","damaged-starch","https://crust-and-crumb-tawny.vercel.app/term/damaged-starch","Existing relation; detailed editorial relevance review pending"
"hard-wheat","protein-content","https://crust-and-crumb-tawny.vercel.app/term/protein-content","Existing relation; detailed editorial relevance review pending"
"hard-white-wheat","hard-red-winter-wheat","https://crust-and-crumb-tawny.vercel.app/term/hard-red-winter-wheat","Existing relation; detailed editorial relevance review pending"
"hard-white-wheat","home-milling","https://crust-and-crumb-tawny.vercel.app/term/home-milling","Existing relation; detailed editorial relevance review pending"
"hard-white-wheat","whole-wheat-flour","https://crust-and-crumb-tawny.vercel.app/term/whole-wheat-flour","Existing relation; detailed editorial relevance review pending"
"hard-white-wheat","fresh-milled-flour","https://crust-and-crumb-tawny.vercel.app/term/fresh-milled-flour","Existing relation; detailed editorial relevance review pending"
"hard-white-wheat","wheat-class","https://crust-and-crumb-tawny.vercel.app/term/wheat-class","Existing relation; detailed editorial relevance review pending"
"hearth-loaf","pizza-stone-steel","https://crust-and-crumb-tawny.vercel.app/term/pizza-stone-steel","Existing relation; detailed editorial relevance review pending"
"hearth-loaf","cloche","https://crust-and-crumb-tawny.vercel.app/term/cloche","Existing relation; detailed editorial relevance review pending"
"heritage-grain","red-fife","https://crust-and-crumb-tawny.vercel.app/term/red-fife","Existing relation; detailed editorial relevance review pending"
"heritage-grain","turkey-red","https://crust-and-crumb-tawny.vercel.app/term/turkey-red","Existing relation; detailed editorial relevance review pending"
"heritage-grain","sonora-wheat","https://crust-and-crumb-tawny.vercel.app/term/sonora-wheat","Existing relation; detailed editorial relevance review pending"
"heritage-grain","landrace-grain","https://crust-and-crumb-tawny.vercel.app/term/landrace-grain","Existing relation; detailed editorial relevance review pending"
"heritage-grain","modern-wheat","https://crust-and-crumb-tawny.vercel.app/term/modern-wheat","Existing relation; detailed editorial relevance review pending"
"high-extraction-flour","extraction-rate","https://crust-and-crumb-tawny.vercel.app/term/extraction-rate","Existing relation; detailed editorial relevance review pending"
"high-extraction-flour","bolted-flour","https://crust-and-crumb-tawny.vercel.app/term/bolted-flour","Existing relation; detailed editorial relevance review pending"
"high-extraction-flour","bolting","https://crust-and-crumb-tawny.vercel.app/term/bolting","Existing relation; detailed editorial relevance review pending"
"high-extraction-flour","type-flour","https://crust-and-crumb-tawny.vercel.app/term/type-flour","Existing relation; detailed editorial relevance review pending"
"high-extraction-flour","pain-de-campagne","https://crust-and-crumb-tawny.vercel.app/term/pain-de-campagne","Existing relation; detailed editorial relevance review pending"
"hoagie-roll","enriched-dough","https://crust-and-crumb-tawny.vercel.app/term/enriched-dough","Existing relation; detailed editorial relevance review pending"
"hoagie-roll","pain-de-mie","https://crust-and-crumb-tawny.vercel.app/term/pain-de-mie","Existing relation; detailed editorial relevance review pending"
"home-milling","grain-mill","https://crust-and-crumb-tawny.vercel.app/term/grain-mill","Existing relation; detailed editorial relevance review pending"
"home-milling","impact-mill","https://crust-and-crumb-tawny.vercel.app/term/impact-mill","Existing relation; detailed editorial relevance review pending"
"home-milling","stone-mill","https://crust-and-crumb-tawny.vercel.app/term/stone-mill","Existing relation; detailed editorial relevance review pending"
"home-milling","fresh-milled-flour","https://crust-and-crumb-tawny.vercel.app/term/fresh-milled-flour","Existing relation; detailed editorial relevance review pending"
"home-milling","wheat-berry","https://crust-and-crumb-tawny.vercel.app/term/wheat-berry","Existing relation; detailed editorial relevance review pending"
"hooch","sourdough-starter","https://crust-and-crumb-tawny.vercel.app/term/sourdough-starter","Existing relation; detailed editorial relevance review pending"
"hooch","feeding","https://crust-and-crumb-tawny.vercel.app/term/feeding","Existing relation; detailed editorial relevance review pending"
"hydration","bakers-percentage","https://crust-and-crumb-tawny.vercel.app/term/bakers-percentage","Existing relation; detailed editorial relevance review pending"
"identity-preserved-grain","wheat-class","https://crust-and-crumb-tawny.vercel.app/term/wheat-class","Existing relation; detailed editorial relevance review pending"
"identity-preserved-grain","terroir","https://crust-and-crumb-tawny.vercel.app/term/terroir","Existing relation; detailed editorial relevance review pending"
"identity-preserved-grain","heritage-grain","https://crust-and-crumb-tawny.vercel.app/term/heritage-grain","Existing relation; detailed editorial relevance review pending"
"identity-preserved-grain","stone-mill","https://crust-and-crumb-tawny.vercel.app/term/stone-mill","Existing relation; detailed editorial relevance review pending"
"impact-mill","grain-mill","https://crust-and-crumb-tawny.vercel.app/term/grain-mill","Existing relation; detailed editorial relevance review pending"
"impact-mill","stone-mill","https://crust-and-crumb-tawny.vercel.app/term/stone-mill","Existing relation; detailed editorial relevance review pending"
"impact-mill","home-milling","https://crust-and-crumb-tawny.vercel.app/term/home-milling","Existing relation; detailed editorial relevance review pending"
"impact-mill","particle-size","https://crust-and-crumb-tawny.vercel.app/term/particle-size","Existing relation; detailed editorial relevance review pending"
"impact-mill","milling-temperature","https://crust-and-crumb-tawny.vercel.app/term/milling-temperature","Existing relation; detailed editorial relevance review pending"
"infrared-thermometer","baking-steel","https://crust-and-crumb-tawny.vercel.app/term/baking-steel","Existing relation; detailed editorial relevance review pending"
"injera","teff","https://crust-and-crumb-tawny.vercel.app/term/teff","Existing relation; detailed editorial relevance review pending"
"injera","fermentation","https://crust-and-crumb-tawny.vercel.app/term/fermentation","Existing relation; detailed editorial relevance review pending"
"injera","lactic-acid-bacteria","https://crust-and-crumb-tawny.vercel.app/term/lactic-acid-bacteria","Existing relation; detailed editorial relevance review pending"
"injera","sourdough","https://crust-and-crumb-tawny.vercel.app/term/sourdough","Existing relation; detailed editorial relevance review pending"
"inoculation","bakers-percentage","https://crust-and-crumb-tawny.vercel.app/term/bakers-percentage","Existing relation; detailed editorial relevance review pending"
"inoculation","fermentation","https://crust-and-crumb-tawny.vercel.app/term/fermentation","Existing relation; detailed editorial relevance review pending"
"instant-yeast","active-dry-yeast","https://crust-and-crumb-tawny.vercel.app/term/active-dry-yeast","Existing relation; detailed editorial relevance review pending"
"instant-yeast","lean-dough","https://crust-and-crumb-tawny.vercel.app/term/lean-dough","Existing relation; detailed editorial relevance review pending"
"intensive-mix","enriched-dough","https://crust-and-crumb-tawny.vercel.app/term/enriched-dough","Existing relation; detailed editorial relevance review pending"
"intensive-mix","windowpane-test","https://crust-and-crumb-tawny.vercel.app/term/windowpane-test","Existing relation; detailed editorial relevance review pending"
"kaiser-roll","shaping","https://crust-and-crumb-tawny.vercel.app/term/shaping","Existing relation; detailed editorial relevance review pending"
"kaiser-roll","lean-dough","https://crust-and-crumb-tawny.vercel.app/term/lean-dough","Existing relation; detailed editorial relevance review pending"
"khorasan-wheat","ancient-grain","https://crust-and-crumb-tawny.vercel.app/term/ancient-grain","Existing relation; detailed editorial relevance review pending"
"khorasan-wheat","durum-wheat","https://crust-and-crumb-tawny.vercel.app/term/durum-wheat","Existing relation; detailed editorial relevance review pending"
"khorasan-wheat","protein-content","https://crust-and-crumb-tawny.vercel.app/term/protein-content","Existing relation; detailed editorial relevance review pending"
"khorasan-wheat","extensibility","https://crust-and-crumb-tawny.vercel.app/term/extensibility","Existing relation; detailed editorial relevance review pending"
"kneading","gluten","https://crust-and-crumb-tawny.vercel.app/term/gluten","Existing relation; detailed editorial relevance review pending"
"kneading","windowpane-test","https://crust-and-crumb-tawny.vercel.app/term/windowpane-test","Existing relation; detailed editorial relevance review pending"
"kochstuck","tangzhong","https://crust-and-crumb-tawny.vercel.app/term/tangzhong","Existing relation; detailed editorial relevance review pending"
"kochstuck","bruhstuck","https://crust-and-crumb-tawny.vercel.app/term/bruhstuck","Existing relation; detailed editorial relevance review pending"
"kochstuck","quellstuck","https://crust-and-crumb-tawny.vercel.app/term/quellstuck","Existing relation; detailed editorial relevance review pending"
"kochstuck","gelatinization","https://crust-and-crumb-tawny.vercel.app/term/gelatinization","Existing relation; detailed editorial relevance review pending"
"kochstuck","yudane","https://crust-and-crumb-tawny.vercel.app/term/yudane","Existing relation; detailed editorial relevance review pending"
"lactic-acid","acetic-acid","https://crust-and-crumb-tawny.vercel.app/term/acetic-acid","Existing relation; detailed editorial relevance review pending"
"lactic-acid","lactic-acid-bacteria","https://crust-and-crumb-tawny.vercel.app/term/lactic-acid-bacteria","Existing relation; detailed editorial relevance review pending"
"lactic-acid","ph","https://crust-and-crumb-tawny.vercel.app/term/ph","Existing relation; detailed editorial relevance review pending"
"lactic-acid","titratable-acidity","https://crust-and-crumb-tawny.vercel.app/term/titratable-acidity","Existing relation; detailed editorial relevance review pending"
"lactic-acid-bacteria","sourdough-starter","https://crust-and-crumb-tawny.vercel.app/term/sourdough-starter","Existing relation; detailed editorial relevance review pending"
"lactic-acid-bacteria","lactic-acid","https://crust-and-crumb-tawny.vercel.app/term/lactic-acid","Existing relation; detailed editorial relevance review pending"
"lactic-acid-bacteria","acetic-acid","https://crust-and-crumb-tawny.vercel.app/term/acetic-acid","Existing relation; detailed editorial relevance review pending"
"lactic-acid-bacteria","ph","https://crust-and-crumb-tawny.vercel.app/term/ph","Existing relation; detailed editorial relevance review pending"
"lactic-acid-bacteria","fermentation","https://crust-and-crumb-tawny.vercel.app/term/fermentation","Existing relation; detailed editorial relevance review pending"
"lame","scoring","https://crust-and-crumb-tawny.vercel.app/term/scoring","Existing relation; detailed editorial relevance review pending"
"lame","ear","https://crust-and-crumb-tawny.vercel.app/term/ear","Existing relation; detailed editorial relevance review pending"
"laminated-dough","croissant","https://crust-and-crumb-tawny.vercel.app/term/croissant","Existing relation; detailed editorial relevance review pending"
"laminated-dough","lamination","https://crust-and-crumb-tawny.vercel.app/term/lamination","Existing relation; detailed editorial relevance review pending"
"laminated-dough","letter-fold","https://crust-and-crumb-tawny.vercel.app/term/letter-fold","Existing relation; detailed editorial relevance review pending"
"laminated-dough","dough-sheeter","https://crust-and-crumb-tawny.vercel.app/term/dough-sheeter","Existing relation; detailed editorial relevance review pending"
"laminated-dough","rolling-pin","https://crust-and-crumb-tawny.vercel.app/term/rolling-pin","Existing relation; detailed editorial relevance review pending"
"lamination","coil-fold","https://crust-and-crumb-tawny.vercel.app/term/coil-fold","Existing relation; detailed editorial relevance review pending"
"lamination","stretch-and-fold","https://crust-and-crumb-tawny.vercel.app/term/stretch-and-fold","Existing relation; detailed editorial relevance review pending"
"landrace-grain","heritage-grain","https://crust-and-crumb-tawny.vercel.app/term/heritage-grain","Existing relation; detailed editorial relevance review pending"
"landrace-grain","terroir","https://crust-and-crumb-tawny.vercel.app/term/terroir","Existing relation; detailed editorial relevance review pending"
"landrace-grain","identity-preserved-grain","https://crust-and-crumb-tawny.vercel.app/term/identity-preserved-grain","Existing relation; detailed editorial relevance review pending"
"landrace-grain","modern-wheat","https://crust-and-crumb-tawny.vercel.app/term/modern-wheat","Existing relation; detailed editorial relevance review pending"
"lava-rocks","oven-steam","https://crust-and-crumb-tawny.vercel.app/term/oven-steam","Existing relation; detailed editorial relevance review pending"
"lava-rocks","hearth-loaf","https://crust-and-crumb-tawny.vercel.app/term/hearth-loaf","Existing relation; detailed editorial relevance review pending"
"leaf-score","scoring","https://crust-and-crumb-tawny.vercel.app/term/scoring","Existing relation; detailed editorial relevance review pending"
"leaf-score","lame","https://crust-and-crumb-tawny.vercel.app/term/lame","Existing relation; detailed editorial relevance review pending"
"lean-dough","enriched-dough","https://crust-and-crumb-tawny.vercel.app/term/enriched-dough","Existing relation; detailed editorial relevance review pending"
"lean-dough","baguette","https://crust-and-crumb-tawny.vercel.app/term/baguette","Existing relation; detailed editorial relevance review pending"
"letter-fold","stretch-and-fold","https://crust-and-crumb-tawny.vercel.app/term/stretch-and-fold","Existing relation; detailed editorial relevance review pending"
"letter-fold","coil-fold","https://crust-and-crumb-tawny.vercel.app/term/coil-fold","Existing relation; detailed editorial relevance review pending"
"letter-fold","bulk-fermentation","https://crust-and-crumb-tawny.vercel.app/term/bulk-fermentation","Existing relation; detailed editorial relevance review pending"
"letter-fold","shaping","https://crust-and-crumb-tawny.vercel.app/term/shaping","Existing relation; detailed editorial relevance review pending"
"letter-fold","laminated-dough","https://crust-and-crumb-tawny.vercel.app/term/laminated-dough","Existing relation; detailed editorial relevance review pending"
"levain","sourdough-starter","https://crust-and-crumb-tawny.vercel.app/term/sourdough-starter","Existing relation; detailed editorial relevance review pending"
"levain","feeding","https://crust-and-crumb-tawny.vercel.app/term/feeding","Existing relation; detailed editorial relevance review pending"
"lievito-madre","sourdough-starter","https://crust-and-crumb-tawny.vercel.app/term/sourdough-starter","Existing relation; detailed editorial relevance review pending"
"lievito-madre","biga","https://crust-and-crumb-tawny.vercel.app/term/biga","Existing relation; detailed editorial relevance review pending"
"lye","pretzels","https://crust-and-crumb-tawny.vercel.app/term/pretzels","Existing relation; detailed editorial relevance review pending"
"lye","maillard-reaction","https://crust-and-crumb-tawny.vercel.app/term/maillard-reaction","Existing relation; detailed editorial relevance review pending"
"maltose","amylase","https://crust-and-crumb-tawny.vercel.app/term/amylase","Existing relation; detailed editorial relevance review pending"
"maltose","damaged-starch","https://crust-and-crumb-tawny.vercel.app/term/damaged-starch","Existing relation; detailed editorial relevance review pending"
"maltose","diastatic-malt","https://crust-and-crumb-tawny.vercel.app/term/diastatic-malt","Existing relation; detailed editorial relevance review pending"
"maltose","fermentation","https://crust-and-crumb-tawny.vercel.app/term/fermentation","Existing relation; detailed editorial relevance review pending"
"maltose","caramelization","https://crust-and-crumb-tawny.vercel.app/term/caramelization","Existing relation; detailed editorial relevance review pending"
"marquis-wheat","red-fife","https://crust-and-crumb-tawny.vercel.app/term/red-fife","Existing relation; detailed editorial relevance review pending"
"marquis-wheat","hard-red-spring-wheat","https://crust-and-crumb-tawny.vercel.app/term/hard-red-spring-wheat","Existing relation; detailed editorial relevance review pending"
"marquis-wheat","heritage-grain","https://crust-and-crumb-tawny.vercel.app/term/heritage-grain","Existing relation; detailed editorial relevance review pending"
"marquis-wheat","wheat-class","https://crust-and-crumb-tawny.vercel.app/term/wheat-class","Existing relation; detailed editorial relevance review pending"
"miche","boule","https://crust-and-crumb-tawny.vercel.app/term/boule","Existing relation; detailed editorial relevance review pending"
"miche","whole-wheat-flour","https://crust-and-crumb-tawny.vercel.app/term/whole-wheat-flour","Existing relation; detailed editorial relevance review pending"
"middlings","endosperm","https://crust-and-crumb-tawny.vercel.app/term/endosperm","Existing relation; detailed editorial relevance review pending"
"middlings","extraction-rate","https://crust-and-crumb-tawny.vercel.app/term/extraction-rate","Existing relation; detailed editorial relevance review pending"
"middlings","patent-flour","https://crust-and-crumb-tawny.vercel.app/term/patent-flour","Existing relation; detailed editorial relevance review pending"
"middlings","clear-flour","https://crust-and-crumb-tawny.vercel.app/term/clear-flour","Existing relation; detailed editorial relevance review pending"
"middlings","bran","https://crust-and-crumb-tawny.vercel.app/term/bran","Existing relation; detailed editorial relevance review pending"
"milk-bread","tangzhong","https://crust-and-crumb-tawny.vercel.app/term/tangzhong","Existing relation; detailed editorial relevance review pending"
"milk-bread","scalding","https://crust-and-crumb-tawny.vercel.app/term/scalding","Existing relation; detailed editorial relevance review pending"
"milk-bread","enriched-dough","https://crust-and-crumb-tawny.vercel.app/term/enriched-dough","Existing relation; detailed editorial relevance review pending"
"millet","sorghum","https://crust-and-crumb-tawny.vercel.app/term/sorghum","Existing relation; detailed editorial relevance review pending"
"millet","fonio","https://crust-and-crumb-tawny.vercel.app/term/fonio","Existing relation; detailed editorial relevance review pending"
"millet","teff","https://crust-and-crumb-tawny.vercel.app/term/teff","Existing relation; detailed editorial relevance review pending"
"millet","inclusions","https://crust-and-crumb-tawny.vercel.app/term/inclusions","Existing relation; detailed editorial relevance review pending"
"millet","soaker","https://crust-and-crumb-tawny.vercel.app/term/soaker","Existing relation; detailed editorial relevance review pending"
"milling-temperature","impact-mill","https://crust-and-crumb-tawny.vercel.app/term/impact-mill","Existing relation; detailed editorial relevance review pending"
"milling-temperature","stone-mill","https://crust-and-crumb-tawny.vercel.app/term/stone-mill","Existing relation; detailed editorial relevance review pending"
"milling-temperature","desired-dough-temperature","https://crust-and-crumb-tawny.vercel.app/term/desired-dough-temperature","Existing relation; detailed editorial relevance review pending"
"milling-temperature","friction-factor","https://crust-and-crumb-tawny.vercel.app/term/friction-factor","Existing relation; detailed editorial relevance review pending"
"modern-wheat","bread-wheat","https://crust-and-crumb-tawny.vercel.app/term/bread-wheat","Existing relation; detailed editorial relevance review pending"
"modern-wheat","heritage-grain","https://crust-and-crumb-tawny.vercel.app/term/heritage-grain","Existing relation; detailed editorial relevance review pending"
"modern-wheat","wheat-class","https://crust-and-crumb-tawny.vercel.app/term/wheat-class","Existing relation; detailed editorial relevance review pending"
"modern-wheat","gluten-quality","https://crust-and-crumb-tawny.vercel.app/term/gluten-quality","Existing relation; detailed editorial relevance review pending"
"mother","sourdough-starter","https://crust-and-crumb-tawny.vercel.app/term/sourdough-starter","Existing relation; detailed editorial relevance review pending"
"mother","levain","https://crust-and-crumb-tawny.vercel.app/term/levain","Existing relation; detailed editorial relevance review pending"
"naan","pita","https://crust-and-crumb-tawny.vercel.app/term/pita","Existing relation; detailed editorial relevance review pending"
"naan","cast-iron-skillet","https://crust-and-crumb-tawny.vercel.app/term/cast-iron-skillet","Existing relation; detailed editorial relevance review pending"
"naan","enriched-dough","https://crust-and-crumb-tawny.vercel.app/term/enriched-dough","Existing relation; detailed editorial relevance review pending"
"naan","blisters","https://crust-and-crumb-tawny.vercel.app/term/blisters","Existing relation; detailed editorial relevance review pending"
"naan","pizza-stone-steel","https://crust-and-crumb-tawny.vercel.app/term/pizza-stone-steel","Existing relation; detailed editorial relevance review pending"
"neapolitan-pizza","type-00-flour","https://crust-and-crumb-tawny.vercel.app/term/type-00-flour","Existing relation; detailed editorial relevance review pending"
"neapolitan-pizza","pizza-dough-balls","https://crust-and-crumb-tawny.vercel.app/term/pizza-dough-balls","Existing relation; detailed editorial relevance review pending"
"neapolitan-pizza","pizza-peel","https://crust-and-crumb-tawny.vercel.app/term/pizza-peel","Existing relation; detailed editorial relevance review pending"
"neapolitan-pizza","pizza-stone-steel","https://crust-and-crumb-tawny.vercel.app/term/pizza-stone-steel","Existing relation; detailed editorial relevance review pending"
"neapolitan-pizza","blisters","https://crust-and-crumb-tawny.vercel.app/term/blisters","Existing relation; detailed editorial relevance review pending"
"new-york-style-pizza","pizza-dough-balls","https://crust-and-crumb-tawny.vercel.app/term/pizza-dough-balls","Existing relation; detailed editorial relevance review pending"
"new-york-style-pizza","bread-flour","https://crust-and-crumb-tawny.vercel.app/term/bread-flour","Existing relation; detailed editorial relevance review pending"
"new-york-style-pizza","pizza-stone-steel","https://crust-and-crumb-tawny.vercel.app/term/pizza-stone-steel","Existing relation; detailed editorial relevance review pending"
"new-york-style-pizza","retarding","https://crust-and-crumb-tawny.vercel.app/term/retarding","Existing relation; detailed editorial relevance review pending"
"new-york-style-pizza","pizza-peel","https://crust-and-crumb-tawny.vercel.app/term/pizza-peel","Existing relation; detailed editorial relevance review pending"
"non-diastatic-malt","diastatic-malt","https://crust-and-crumb-tawny.vercel.app/term/diastatic-malt","Existing relation; detailed editorial relevance review pending"
"non-diastatic-malt","bagel","https://crust-and-crumb-tawny.vercel.app/term/bagel","Existing relation; detailed editorial relevance review pending"
"non-diastatic-malt","maltose","https://crust-and-crumb-tawny.vercel.app/term/maltose","Existing relation; detailed editorial relevance review pending"
"non-diastatic-malt","maillard-reaction","https://crust-and-crumb-tawny.vercel.app/term/maillard-reaction","Existing relation; detailed editorial relevance review pending"
"non-diastatic-malt","pretzels","https://crust-and-crumb-tawny.vercel.app/term/pretzels","Existing relation; detailed editorial relevance review pending"
"oats","soaker","https://crust-and-crumb-tawny.vercel.app/term/soaker","Existing relation; detailed editorial relevance review pending"
"oats","inclusions","https://crust-and-crumb-tawny.vercel.app/term/inclusions","Existing relation; detailed editorial relevance review pending"
"oats","scald","https://crust-and-crumb-tawny.vercel.app/term/scald","Existing relation; detailed editorial relevance review pending"
"oats","hydration","https://crust-and-crumb-tawny.vercel.app/term/hydration","Existing relation; detailed editorial relevance review pending"
"osmotolerant-yeast","enriched-dough","https://crust-and-crumb-tawny.vercel.app/term/enriched-dough","Existing relation; detailed editorial relevance review pending"
"osmotolerant-yeast","brioche","https://crust-and-crumb-tawny.vercel.app/term/brioche","Existing relation; detailed editorial relevance review pending"
"osmotolerant-yeast","panettone","https://crust-and-crumb-tawny.vercel.app/term/panettone","Existing relation; detailed editorial relevance review pending"
"oven-spring","scoring","https://crust-and-crumb-tawny.vercel.app/term/scoring","Existing relation; detailed editorial relevance review pending"
"oven-thermometer","probe-thermometer","https://crust-and-crumb-tawny.vercel.app/term/probe-thermometer","Existing relation; detailed editorial relevance review pending"
"oven-thermometer","infrared-thermometer","https://crust-and-crumb-tawny.vercel.app/term/infrared-thermometer","Existing relation; detailed editorial relevance review pending"
"oven-thermometer","pale-crust","https://crust-and-crumb-tawny.vercel.app/term/pale-crust","Existing relation; detailed editorial relevance review pending"
"oven-thermometer","baking-stone","https://crust-and-crumb-tawny.vercel.app/term/baking-stone","Existing relation; detailed editorial relevance review pending"
"overmixing","stand-mixer","https://crust-and-crumb-tawny.vercel.app/term/stand-mixer","Existing relation; detailed editorial relevance review pending"
"overmixing","intensive-mix","https://crust-and-crumb-tawny.vercel.app/term/intensive-mix","Existing relation; detailed editorial relevance review pending"
"overmixing","gluten","https://crust-and-crumb-tawny.vercel.app/term/gluten","Existing relation; detailed editorial relevance review pending"
"overmixing","friction-factor","https://crust-and-crumb-tawny.vercel.app/term/friction-factor","Existing relation; detailed editorial relevance review pending"
"overmixing","windowpane-test","https://crust-and-crumb-tawny.vercel.app/term/windowpane-test","Existing relation; detailed editorial relevance review pending"
"overproofed","proofing","https://crust-and-crumb-tawny.vercel.app/term/proofing","Existing relation; detailed editorial relevance review pending"
"overproofed","poke-test","https://crust-and-crumb-tawny.vercel.app/term/poke-test","Existing relation; detailed editorial relevance review pending"
"overproofed","gluten","https://crust-and-crumb-tawny.vercel.app/term/gluten","Existing relation; detailed editorial relevance review pending"
"overripe-starter","peak","https://crust-and-crumb-tawny.vercel.app/term/peak","Existing relation; detailed editorial relevance review pending"
"overripe-starter","ripe-starter","https://crust-and-crumb-tawny.vercel.app/term/ripe-starter","Existing relation; detailed editorial relevance review pending"
"overripe-starter","hooch","https://crust-and-crumb-tawny.vercel.app/term/hooch","Existing relation; detailed editorial relevance review pending"
"overripe-starter","feeding","https://crust-and-crumb-tawny.vercel.app/term/feeding","Existing relation; detailed editorial relevance review pending"
"overripe-starter","sourdough-discard","https://crust-and-crumb-tawny.vercel.app/term/sourdough-discard","Existing relation; detailed editorial relevance review pending"
"p-l-ratio","w-value","https://crust-and-crumb-tawny.vercel.app/term/w-value","Existing relation; detailed editorial relevance review pending"
"p-l-ratio","tenacity","https://crust-and-crumb-tawny.vercel.app/term/tenacity","Existing relation; detailed editorial relevance review pending"
"p-l-ratio","extensibility","https://crust-and-crumb-tawny.vercel.app/term/extensibility","Existing relation; detailed editorial relevance review pending"
"p-l-ratio","flour-strength","https://crust-and-crumb-tawny.vercel.app/term/flour-strength","Existing relation; detailed editorial relevance review pending"
"p-l-ratio","gluten-quality","https://crust-and-crumb-tawny.vercel.app/term/gluten-quality","Existing relation; detailed editorial relevance review pending"
"pain-de-campagne","levain","https://crust-and-crumb-tawny.vercel.app/term/levain","Existing relation; detailed editorial relevance review pending"
"pain-de-campagne","miche","https://crust-and-crumb-tawny.vercel.app/term/miche","Existing relation; detailed editorial relevance review pending"
"pain-de-campagne","boule","https://crust-and-crumb-tawny.vercel.app/term/boule","Existing relation; detailed editorial relevance review pending"
"pain-de-campagne","rye-flour","https://crust-and-crumb-tawny.vercel.app/term/rye-flour","Existing relation; detailed editorial relevance review pending"
"pain-de-campagne","whole-wheat-flour","https://crust-and-crumb-tawny.vercel.app/term/whole-wheat-flour","Existing relation; detailed editorial relevance review pending"
"pain-de-mie","pullman-pan","https://crust-and-crumb-tawny.vercel.app/term/pullman-pan","Existing relation; detailed editorial relevance review pending"
"pain-de-mie","enriched-dough","https://crust-and-crumb-tawny.vercel.app/term/enriched-dough","Existing relation; detailed editorial relevance review pending"
"pain-de-mie","milk-bread","https://crust-and-crumb-tawny.vercel.app/term/milk-bread","Existing relation; detailed editorial relevance review pending"
"pale-crust","maillard-reaction","https://crust-and-crumb-tawny.vercel.app/term/maillard-reaction","Existing relation; detailed editorial relevance review pending"
"pale-crust","caramelization","https://crust-and-crumb-tawny.vercel.app/term/caramelization","Existing relation; detailed editorial relevance review pending"
"pale-crust","overproofed","https://crust-and-crumb-tawny.vercel.app/term/overproofed","Existing relation; detailed editorial relevance review pending"
"pale-crust","oven-thermometer","https://crust-and-crumb-tawny.vercel.app/term/oven-thermometer","Existing relation; detailed editorial relevance review pending"
"pale-crust","diastatic-malt","https://crust-and-crumb-tawny.vercel.app/term/diastatic-malt","Existing relation; detailed editorial relevance review pending"
"pancaking","overproofed","https://crust-and-crumb-tawny.vercel.app/term/overproofed","Existing relation; detailed editorial relevance review pending"
"pancaking","surface-tension","https://crust-and-crumb-tawny.vercel.app/term/surface-tension","Existing relation; detailed editorial relevance review pending"
"pancaking","hydration","https://crust-and-crumb-tawny.vercel.app/term/hydration","Existing relation; detailed editorial relevance review pending"
"pancaking","gluten","https://crust-and-crumb-tawny.vercel.app/term/gluten","Existing relation; detailed editorial relevance review pending"
"pancaking","shaping","https://crust-and-crumb-tawny.vercel.app/term/shaping","Existing relation; detailed editorial relevance review pending"
"panettone","lievito-madre","https://crust-and-crumb-tawny.vercel.app/term/lievito-madre","Existing relation; detailed editorial relevance review pending"
"panettone","enriched-dough","https://crust-and-crumb-tawny.vercel.app/term/enriched-dough","Existing relation; detailed editorial relevance review pending"
"par-baking","crust","https://crust-and-crumb-tawny.vercel.app/term/crust","Existing relation; detailed editorial relevance review pending"
"par-baking","gelatinization","https://crust-and-crumb-tawny.vercel.app/term/gelatinization","Existing relation; detailed editorial relevance review pending"
"par-baking","cooling-rack","https://crust-and-crumb-tawny.vercel.app/term/cooling-rack","Existing relation; detailed editorial relevance review pending"
"par-baking","pizza-stone-steel","https://crust-and-crumb-tawny.vercel.app/term/pizza-stone-steel","Existing relation; detailed editorial relevance review pending"
"par-baking","retrogradation","https://crust-and-crumb-tawny.vercel.app/term/retrogradation","Existing relation; detailed editorial relevance review pending"
"particle-size","impact-mill","https://crust-and-crumb-tawny.vercel.app/term/impact-mill","Existing relation; detailed editorial relevance review pending"
"particle-size","stone-mill","https://crust-and-crumb-tawny.vercel.app/term/stone-mill","Existing relation; detailed editorial relevance review pending"
"particle-size","damaged-starch","https://crust-and-crumb-tawny.vercel.app/term/damaged-starch","Existing relation; detailed editorial relevance review pending"
"particle-size","bran-sharpness","https://crust-and-crumb-tawny.vercel.app/term/bran-sharpness","Existing relation; detailed editorial relevance review pending"
"particle-size","hydration","https://crust-and-crumb-tawny.vercel.app/term/hydration","Existing relation; detailed editorial relevance review pending"
"patent-flour","clear-flour","https://crust-and-crumb-tawny.vercel.app/term/clear-flour","Existing relation; detailed editorial relevance review pending"
"patent-flour","straight-grade-flour","https://crust-and-crumb-tawny.vercel.app/term/straight-grade-flour","Existing relation; detailed editorial relevance review pending"
"patent-flour","endosperm","https://crust-and-crumb-tawny.vercel.app/term/endosperm","Existing relation; detailed editorial relevance review pending"
"patent-flour","ash-content","https://crust-and-crumb-tawny.vercel.app/term/ash-content","Existing relation; detailed editorial relevance review pending"
"patent-flour","extraction-rate","https://crust-and-crumb-tawny.vercel.app/term/extraction-rate","Existing relation; detailed editorial relevance review pending"
"peak","ripe-starter","https://crust-and-crumb-tawny.vercel.app/term/ripe-starter","Existing relation; detailed editorial relevance review pending"
"peak","young-levain","https://crust-and-crumb-tawny.vercel.app/term/young-levain","Existing relation; detailed editorial relevance review pending"
"peak","overripe-starter","https://crust-and-crumb-tawny.vercel.app/term/overripe-starter","Existing relation; detailed editorial relevance review pending"
"peak","feeding-ratio","https://crust-and-crumb-tawny.vercel.app/term/feeding-ratio","Existing relation; detailed editorial relevance review pending"
"peak","starter-jar","https://crust-and-crumb-tawny.vercel.app/term/starter-jar","Existing relation; detailed editorial relevance review pending"
"pentosans","rye-flour","https://crust-and-crumb-tawny.vercel.app/term/rye-flour","Existing relation; detailed editorial relevance review pending"
"pentosans","hydration","https://crust-and-crumb-tawny.vercel.app/term/hydration","Existing relation; detailed editorial relevance review pending"
"pentosans","bran","https://crust-and-crumb-tawny.vercel.app/term/bran","Existing relation; detailed editorial relevance review pending"
"pentosans","vollkornbrot","https://crust-and-crumb-tawny.vercel.app/term/vollkornbrot","Existing relation; detailed editorial relevance review pending"
"pentosans","pumpernickel","https://crust-and-crumb-tawny.vercel.app/term/pumpernickel","Existing relation; detailed editorial relevance review pending"
"ph","titratable-acidity","https://crust-and-crumb-tawny.vercel.app/term/titratable-acidity","Existing relation; detailed editorial relevance review pending"
"ph","lactic-acid","https://crust-and-crumb-tawny.vercel.app/term/lactic-acid","Existing relation; detailed editorial relevance review pending"
"ph","acetic-acid","https://crust-and-crumb-tawny.vercel.app/term/acetic-acid","Existing relation; detailed editorial relevance review pending"
"ph","sourdough-starter","https://crust-and-crumb-tawny.vercel.app/term/sourdough-starter","Existing relation; detailed editorial relevance review pending"
"pita","naan","https://crust-and-crumb-tawny.vercel.app/term/naan","Existing relation; detailed editorial relevance review pending"
"pita","cast-iron-skillet","https://crust-and-crumb-tawny.vercel.app/term/cast-iron-skillet","Existing relation; detailed editorial relevance review pending"
"pita","pizza-stone-steel","https://crust-and-crumb-tawny.vercel.app/term/pizza-stone-steel","Existing relation; detailed editorial relevance review pending"
"pita","rolling-pin","https://crust-and-crumb-tawny.vercel.app/term/rolling-pin","Existing relation; detailed editorial relevance review pending"
"pita","lean-dough","https://crust-and-crumb-tawny.vercel.app/term/lean-dough","Existing relation; detailed editorial relevance review pending"
"pizza-dough-balls","shaping","https://crust-and-crumb-tawny.vercel.app/term/shaping","Existing relation; detailed editorial relevance review pending"
"pizza-dough-balls","proofing","https://crust-and-crumb-tawny.vercel.app/term/proofing","Existing relation; detailed editorial relevance review pending"
"pizza-peel","pizza-dough-balls","https://crust-and-crumb-tawny.vercel.app/term/pizza-dough-balls","Existing relation; detailed editorial relevance review pending"
"pizza-peel","semolina-flour","https://crust-and-crumb-tawny.vercel.app/term/semolina-flour","Existing relation; detailed editorial relevance review pending"
"pizza-stone-steel","pizza-peel","https://crust-and-crumb-tawny.vercel.app/term/pizza-peel","Existing relation; detailed editorial relevance review pending"
"pizza-stone-steel","oven-spring","https://crust-and-crumb-tawny.vercel.app/term/oven-spring","Existing relation; detailed editorial relevance review pending"
"poke-test","proofing","https://crust-and-crumb-tawny.vercel.app/term/proofing","Existing relation; detailed editorial relevance review pending"
"poke-test","overproofed","https://crust-and-crumb-tawny.vercel.app/term/overproofed","Existing relation; detailed editorial relevance review pending"
"poke-test","underproofed","https://crust-and-crumb-tawny.vercel.app/term/underproofed","Existing relation; detailed editorial relevance review pending"
"poolish","biga","https://crust-and-crumb-tawny.vercel.app/term/biga","Existing relation; detailed editorial relevance review pending"
"poolish","fermentation","https://crust-and-crumb-tawny.vercel.app/term/fermentation","Existing relation; detailed editorial relevance review pending"
"pre-shape","shaping","https://crust-and-crumb-tawny.vercel.app/term/shaping","Existing relation; detailed editorial relevance review pending"
"pre-shape","bench-rest","https://crust-and-crumb-tawny.vercel.app/term/bench-rest","Existing relation; detailed editorial relevance review pending"
"preferment","poolish","https://crust-and-crumb-tawny.vercel.app/term/poolish","Existing relation; detailed editorial relevance review pending"
"preferment","biga","https://crust-and-crumb-tawny.vercel.app/term/biga","Existing relation; detailed editorial relevance review pending"
"preferment","sponge","https://crust-and-crumb-tawny.vercel.app/term/sponge","Existing relation; detailed editorial relevance review pending"
"preferment","pate-fermentee","https://crust-and-crumb-tawny.vercel.app/term/pate-fermentee","Existing relation; detailed editorial relevance review pending"
"preferment","levain","https://crust-and-crumb-tawny.vercel.app/term/levain","Existing relation; detailed editorial relevance review pending"
"probe-thermometer","crumb","https://crust-and-crumb-tawny.vercel.app/term/crumb","Existing relation; detailed editorial relevance review pending"
"probe-thermometer","gummy-crumb","https://crust-and-crumb-tawny.vercel.app/term/gummy-crumb","Existing relation; detailed editorial relevance review pending"
"proofing","bulk-fermentation","https://crust-and-crumb-tawny.vercel.app/term/bulk-fermentation","Existing relation; detailed editorial relevance review pending"
"proofing","banneton","https://crust-and-crumb-tawny.vercel.app/term/banneton","Existing relation; detailed editorial relevance review pending"
"proofing","poke-test","https://crust-and-crumb-tawny.vercel.app/term/poke-test","Existing relation; detailed editorial relevance review pending"
"proofing-box","bulk-fermentation","https://crust-and-crumb-tawny.vercel.app/term/bulk-fermentation","Existing relation; detailed editorial relevance review pending"
"proofing-box","proofing","https://crust-and-crumb-tawny.vercel.app/term/proofing","Existing relation; detailed editorial relevance review pending"
"protease","amylase","https://crust-and-crumb-tawny.vercel.app/term/amylase","Existing relation; detailed editorial relevance review pending"
"protease","autolyse","https://crust-and-crumb-tawny.vercel.app/term/autolyse","Existing relation; detailed editorial relevance review pending"
"protease","gluten","https://crust-and-crumb-tawny.vercel.app/term/gluten","Existing relation; detailed editorial relevance review pending"
"protein-content","gluten-quality","https://crust-and-crumb-tawny.vercel.app/term/gluten-quality","Existing relation; detailed editorial relevance review pending"
"protein-content","flour-strength","https://crust-and-crumb-tawny.vercel.app/term/flour-strength","Existing relation; detailed editorial relevance review pending"
"protein-content","bread-flour","https://crust-and-crumb-tawny.vercel.app/term/bread-flour","Existing relation; detailed editorial relevance review pending"
"protein-content","all-purpose-flour","https://crust-and-crumb-tawny.vercel.app/term/all-purpose-flour","Existing relation; detailed editorial relevance review pending"
"protein-content","hydration","https://crust-and-crumb-tawny.vercel.app/term/hydration","Existing relation; detailed editorial relevance review pending"
"pseudocereal","buckwheat","https://crust-and-crumb-tawny.vercel.app/term/buckwheat","Existing relation; detailed editorial relevance review pending"
"pseudocereal","quinoa","https://crust-and-crumb-tawny.vercel.app/term/quinoa","Existing relation; detailed editorial relevance review pending"
"pseudocereal","amaranth","https://crust-and-crumb-tawny.vercel.app/term/amaranth","Existing relation; detailed editorial relevance review pending"
"pseudocereal","ancient-grain","https://crust-and-crumb-tawny.vercel.app/term/ancient-grain","Existing relation; detailed editorial relevance review pending"
"pullman-pan","pain-de-mie","https://crust-and-crumb-tawny.vercel.app/term/pain-de-mie","Existing relation; detailed editorial relevance review pending"
"pumpernickel","rye-flour","https://crust-and-crumb-tawny.vercel.app/term/rye-flour","Existing relation; detailed editorial relevance review pending"
"pumpernickel","cracked-grain","https://crust-and-crumb-tawny.vercel.app/term/cracked-grain","Existing relation; detailed editorial relevance review pending"
"pumpernickel","vollkornbrot","https://crust-and-crumb-tawny.vercel.app/term/vollkornbrot","Existing relation; detailed editorial relevance review pending"
"pumpernickel","pullman-pan","https://crust-and-crumb-tawny.vercel.app/term/pullman-pan","Existing relation; detailed editorial relevance review pending"
"pumpernickel","maillard-reaction","https://crust-and-crumb-tawny.vercel.app/term/maillard-reaction","Existing relation; detailed editorial relevance review pending"
"quellstuck","soaker","https://crust-and-crumb-tawny.vercel.app/term/soaker","Existing relation; detailed editorial relevance review pending"
"quellstuck","bruhstuck","https://crust-and-crumb-tawny.vercel.app/term/bruhstuck","Existing relation; detailed editorial relevance review pending"
"quellstuck","kochstuck","https://crust-and-crumb-tawny.vercel.app/term/kochstuck","Existing relation; detailed editorial relevance review pending"
"quellstuck","cracked-grain","https://crust-and-crumb-tawny.vercel.app/term/cracked-grain","Existing relation; detailed editorial relevance review pending"
"quick-bread","baking-powder","https://crust-and-crumb-tawny.vercel.app/term/baking-powder","Existing relation; detailed editorial relevance review pending"
"quick-bread","baking-soda","https://crust-and-crumb-tawny.vercel.app/term/baking-soda","Existing relation; detailed editorial relevance review pending"
"quick-bread","buttermilk","https://crust-and-crumb-tawny.vercel.app/term/buttermilk","Existing relation; detailed editorial relevance review pending"
"quick-bread","sourdough-discard","https://crust-and-crumb-tawny.vercel.app/term/sourdough-discard","Existing relation; detailed editorial relevance review pending"
"quick-bread","cornmeal","https://crust-and-crumb-tawny.vercel.app/term/cornmeal","Existing relation; detailed editorial relevance review pending"
"quinoa","pseudocereal","https://crust-and-crumb-tawny.vercel.app/term/pseudocereal","Existing relation; detailed editorial relevance review pending"
"quinoa","amaranth","https://crust-and-crumb-tawny.vercel.app/term/amaranth","Existing relation; detailed editorial relevance review pending"
"quinoa","buckwheat","https://crust-and-crumb-tawny.vercel.app/term/buckwheat","Existing relation; detailed editorial relevance review pending"
"quinoa","soaker","https://crust-and-crumb-tawny.vercel.app/term/soaker","Existing relation; detailed editorial relevance review pending"
"quinoa","inclusions","https://crust-and-crumb-tawny.vercel.app/term/inclusions","Existing relation; detailed editorial relevance review pending"
"red-fife","heritage-grain","https://crust-and-crumb-tawny.vercel.app/term/heritage-grain","Existing relation; detailed editorial relevance review pending"
"red-fife","marquis-wheat","https://crust-and-crumb-tawny.vercel.app/term/marquis-wheat","Existing relation; detailed editorial relevance review pending"
"red-fife","hard-red-spring-wheat","https://crust-and-crumb-tawny.vercel.app/term/hard-red-spring-wheat","Existing relation; detailed editorial relevance review pending"
"red-fife","fresh-milled-flour","https://crust-and-crumb-tawny.vercel.app/term/fresh-milled-flour","Existing relation; detailed editorial relevance review pending"
"retarding","cold-proof","https://crust-and-crumb-tawny.vercel.app/term/cold-proof","Existing relation; detailed editorial relevance review pending"
"retarding","fermentation","https://crust-and-crumb-tawny.vercel.app/term/fermentation","Existing relation; detailed editorial relevance review pending"
"retrogradation","gelatinization","https://crust-and-crumb-tawny.vercel.app/term/gelatinization","Existing relation; detailed editorial relevance review pending"
"rice-flour","banneton","https://crust-and-crumb-tawny.vercel.app/term/banneton","Existing relation; detailed editorial relevance review pending"
"rice-flour","proofing","https://crust-and-crumb-tawny.vercel.app/term/proofing","Existing relation; detailed editorial relevance review pending"
"ripe-starter","peak","https://crust-and-crumb-tawny.vercel.app/term/peak","Existing relation; detailed editorial relevance review pending"
"ripe-starter","young-levain","https://crust-and-crumb-tawny.vercel.app/term/young-levain","Existing relation; detailed editorial relevance review pending"
"ripe-starter","overripe-starter","https://crust-and-crumb-tawny.vercel.app/term/overripe-starter","Existing relation; detailed editorial relevance review pending"
"ripe-starter","float-test","https://crust-and-crumb-tawny.vercel.app/term/float-test","Existing relation; detailed editorial relevance review pending"
"ripe-starter","sourdough-starter","https://crust-and-crumb-tawny.vercel.app/term/sourdough-starter","Existing relation; detailed editorial relevance review pending"
"roasted-garlic","inclusions","https://crust-and-crumb-tawny.vercel.app/term/inclusions","Existing relation; detailed editorial relevance review pending"
"roasted-garlic","lamination","https://crust-and-crumb-tawny.vercel.app/term/lamination","Existing relation; detailed editorial relevance review pending"
"roasted-garlic","focaccia","https://crust-and-crumb-tawny.vercel.app/term/focaccia","Existing relation; detailed editorial relevance review pending"
"roasted-garlic","coil-fold","https://crust-and-crumb-tawny.vercel.app/term/coil-fold","Existing relation; detailed editorial relevance review pending"
"rolling-pin","laminated-dough","https://crust-and-crumb-tawny.vercel.app/term/laminated-dough","Existing relation; detailed editorial relevance review pending"
"rolling-pin","dough-sheeter","https://crust-and-crumb-tawny.vercel.app/term/dough-sheeter","Existing relation; detailed editorial relevance review pending"
"rolling-pin","pita","https://crust-and-crumb-tawny.vercel.app/term/pita","Existing relation; detailed editorial relevance review pending"
"rolling-pin","croissant","https://crust-and-crumb-tawny.vercel.app/term/croissant","Existing relation; detailed editorial relevance review pending"
"rolling-pin","degassing","https://crust-and-crumb-tawny.vercel.app/term/degassing","Existing relation; detailed editorial relevance review pending"
"rope","sourdough","https://crust-and-crumb-tawny.vercel.app/term/sourdough","Existing relation; detailed editorial relevance review pending"
"rope","ph","https://crust-and-crumb-tawny.vercel.app/term/ph","Existing relation; detailed editorial relevance review pending"
"rope","lactic-acid-bacteria","https://crust-and-crumb-tawny.vercel.app/term/lactic-acid-bacteria","Existing relation; detailed editorial relevance review pending"
"rope","cooling-rack","https://crust-and-crumb-tawny.vercel.app/term/cooling-rack","Existing relation; detailed editorial relevance review pending"
"rope","acetic-acid","https://crust-and-crumb-tawny.vercel.app/term/acetic-acid","Existing relation; detailed editorial relevance review pending"
"rouge-de-bordeaux","heritage-grain","https://crust-and-crumb-tawny.vercel.app/term/heritage-grain","Existing relation; detailed editorial relevance review pending"
"rouge-de-bordeaux","high-extraction-flour","https://crust-and-crumb-tawny.vercel.app/term/high-extraction-flour","Existing relation; detailed editorial relevance review pending"
"rouge-de-bordeaux","red-fife","https://crust-and-crumb-tawny.vercel.app/term/red-fife","Existing relation; detailed editorial relevance review pending"
"rouge-de-bordeaux","pain-de-campagne","https://crust-and-crumb-tawny.vercel.app/term/pain-de-campagne","Existing relation; detailed editorial relevance review pending"
"rubaud-method","slap-and-fold","https://crust-and-crumb-tawny.vercel.app/term/slap-and-fold","Existing relation; detailed editorial relevance review pending"
"rubaud-method","kneading","https://crust-and-crumb-tawny.vercel.app/term/kneading","Existing relation; detailed editorial relevance review pending"
"rubaud-method","bassinage","https://crust-and-crumb-tawny.vercel.app/term/bassinage","Existing relation; detailed editorial relevance review pending"
"rubaud-method","gluten","https://crust-and-crumb-tawny.vercel.app/term/gluten","Existing relation; detailed editorial relevance review pending"
"rubaud-method","hydration","https://crust-and-crumb-tawny.vercel.app/term/hydration","Existing relation; detailed editorial relevance review pending"
"salt","bakers-percentage","https://crust-and-crumb-tawny.vercel.app/term/bakers-percentage","Existing relation; detailed editorial relevance review pending"
"salt","gluten","https://crust-and-crumb-tawny.vercel.app/term/gluten","Existing relation; detailed editorial relevance review pending"
"salt","fermentation","https://crust-and-crumb-tawny.vercel.app/term/fermentation","Existing relation; detailed editorial relevance review pending"
"salt","lean-dough","https://crust-and-crumb-tawny.vercel.app/term/lean-dough","Existing relation; detailed editorial relevance review pending"
"salt","digital-scale","https://crust-and-crumb-tawny.vercel.app/term/digital-scale","Existing relation; detailed editorial relevance review pending"
"scald","tangzhong","https://crust-and-crumb-tawny.vercel.app/term/tangzhong","Existing relation; detailed editorial relevance review pending"
"scald","rye-flour","https://crust-and-crumb-tawny.vercel.app/term/rye-flour","Existing relation; detailed editorial relevance review pending"
"scalding","enriched-dough","https://crust-and-crumb-tawny.vercel.app/term/enriched-dough","Existing relation; detailed editorial relevance review pending"
"scalding","milk-bread","https://crust-and-crumb-tawny.vercel.app/term/milk-bread","Existing relation; detailed editorial relevance review pending"
"scoring","lame","https://crust-and-crumb-tawny.vercel.app/term/lame","Existing relation; detailed editorial relevance review pending"
"scoring","ear","https://crust-and-crumb-tawny.vercel.app/term/ear","Existing relation; detailed editorial relevance review pending"
"scoring","oven-spring","https://crust-and-crumb-tawny.vercel.app/term/oven-spring","Existing relation; detailed editorial relevance review pending"
"seam","shaping","https://crust-and-crumb-tawny.vercel.app/term/shaping","Existing relation; detailed editorial relevance review pending"
"seam","banneton","https://crust-and-crumb-tawny.vercel.app/term/banneton","Existing relation; detailed editorial relevance review pending"
"semolina-flour","pizza-peel","https://crust-and-crumb-tawny.vercel.app/term/pizza-peel","Existing relation; detailed editorial relevance review pending"
"shaggy-mass","autolyse","https://crust-and-crumb-tawny.vercel.app/term/autolyse","Existing relation; detailed editorial relevance review pending"
"shaping","boule","https://crust-and-crumb-tawny.vercel.app/term/boule","Existing relation; detailed editorial relevance review pending"
"shaping","batard","https://crust-and-crumb-tawny.vercel.app/term/batard","Existing relation; detailed editorial relevance review pending"
"shaping","tension-pull","https://crust-and-crumb-tawny.vercel.app/term/tension-pull","Existing relation; detailed editorial relevance review pending"
"sifter","ash-content","https://crust-and-crumb-tawny.vercel.app/term/ash-content","Existing relation; detailed editorial relevance review pending"
"slap-and-fold","stretch-and-fold","https://crust-and-crumb-tawny.vercel.app/term/stretch-and-fold","Existing relation; detailed editorial relevance review pending"
"slap-and-fold","kneading","https://crust-and-crumb-tawny.vercel.app/term/kneading","Existing relation; detailed editorial relevance review pending"
"slap-and-fold","hydration","https://crust-and-crumb-tawny.vercel.app/term/hydration","Existing relation; detailed editorial relevance review pending"
"slap-and-fold","gluten","https://crust-and-crumb-tawny.vercel.app/term/gluten","Existing relation; detailed editorial relevance review pending"
"slap-and-fold","windowpane-test","https://crust-and-crumb-tawny.vercel.app/term/windowpane-test","Existing relation; detailed editorial relevance review pending"
"soaker","inclusions","https://crust-and-crumb-tawny.vercel.app/term/inclusions","Existing relation; detailed editorial relevance review pending"
"soaker","scald","https://crust-and-crumb-tawny.vercel.app/term/scald","Existing relation; detailed editorial relevance review pending"
"pretzels","maillard-reaction","https://crust-and-crumb-tawny.vercel.app/term/maillard-reaction","Existing relation; detailed editorial relevance review pending"
"pretzels","lye","https://crust-and-crumb-tawny.vercel.app/term/lye","Existing relation; detailed editorial relevance review pending"
"soft-wheat","hard-wheat","https://crust-and-crumb-tawny.vercel.app/term/hard-wheat","Existing relation; detailed editorial relevance review pending"
"soft-wheat","soft-white-wheat","https://crust-and-crumb-tawny.vercel.app/term/soft-white-wheat","Existing relation; detailed editorial relevance review pending"
"soft-wheat","wheat-class","https://crust-and-crumb-tawny.vercel.app/term/wheat-class","Existing relation; detailed editorial relevance review pending"
"soft-wheat","all-purpose-flour","https://crust-and-crumb-tawny.vercel.app/term/all-purpose-flour","Existing relation; detailed editorial relevance review pending"
"soft-wheat","protein-content","https://crust-and-crumb-tawny.vercel.app/term/protein-content","Existing relation; detailed editorial relevance review pending"
"soft-white-wheat","soft-wheat","https://crust-and-crumb-tawny.vercel.app/term/soft-wheat","Existing relation; detailed editorial relevance review pending"
"soft-white-wheat","hard-white-wheat","https://crust-and-crumb-tawny.vercel.app/term/hard-white-wheat","Existing relation; detailed editorial relevance review pending"
"soft-white-wheat","wheat-class","https://crust-and-crumb-tawny.vercel.app/term/wheat-class","Existing relation; detailed editorial relevance review pending"
"soft-white-wheat","home-milling","https://crust-and-crumb-tawny.vercel.app/term/home-milling","Existing relation; detailed editorial relevance review pending"
"soft-white-wheat","whole-wheat-flour","https://crust-and-crumb-tawny.vercel.app/term/whole-wheat-flour","Existing relation; detailed editorial relevance review pending"
"sonora-wheat","heritage-grain","https://crust-and-crumb-tawny.vercel.app/term/heritage-grain","Existing relation; detailed editorial relevance review pending"
"sonora-wheat","soft-white-wheat","https://crust-and-crumb-tawny.vercel.app/term/soft-white-wheat","Existing relation; detailed editorial relevance review pending"
"sonora-wheat","soft-wheat","https://crust-and-crumb-tawny.vercel.app/term/soft-wheat","Existing relation; detailed editorial relevance review pending"
"sonora-wheat","extensibility","https://crust-and-crumb-tawny.vercel.app/term/extensibility","Existing relation; detailed editorial relevance review pending"
"sorghum","millet","https://crust-and-crumb-tawny.vercel.app/term/millet","Existing relation; detailed editorial relevance review pending"
"sorghum","teff","https://crust-and-crumb-tawny.vercel.app/term/teff","Existing relation; detailed editorial relevance review pending"
"sorghum","rice-flour","https://crust-and-crumb-tawny.vercel.app/term/rice-flour","Existing relation; detailed editorial relevance review pending"
"sorghum","pseudocereal","https://crust-and-crumb-tawny.vercel.app/term/pseudocereal","Existing relation; detailed editorial relevance review pending"
"sourdough","sourdough-starter","https://crust-and-crumb-tawny.vercel.app/term/sourdough-starter","Existing relation; detailed editorial relevance review pending"
"sourdough","levain","https://crust-and-crumb-tawny.vercel.app/term/levain","Existing relation; detailed editorial relevance review pending"
"sourdough","lactic-acid-bacteria","https://crust-and-crumb-tawny.vercel.app/term/lactic-acid-bacteria","Existing relation; detailed editorial relevance review pending"
"sourdough","bulk-fermentation","https://crust-and-crumb-tawny.vercel.app/term/bulk-fermentation","Existing relation; detailed editorial relevance review pending"
"sourdough","feeding","https://crust-and-crumb-tawny.vercel.app/term/feeding","Existing relation; detailed editorial relevance review pending"
"sourdough-discard","sourdough-starter","https://crust-and-crumb-tawny.vercel.app/term/sourdough-starter","Existing relation; detailed editorial relevance review pending"
"sourdough-discard","levain","https://crust-and-crumb-tawny.vercel.app/term/levain","Existing relation; detailed editorial relevance review pending"
"sourdough-starter","feeding","https://crust-and-crumb-tawny.vercel.app/term/feeding","Existing relation; detailed editorial relevance review pending"
"sourdough-starter","discard","https://crust-and-crumb-tawny.vercel.app/term/discard","Existing relation; detailed editorial relevance review pending"
"sourdough-starter","levain","https://crust-and-crumb-tawny.vercel.app/term/levain","Existing relation; detailed editorial relevance review pending"
"spiral-mixer","stand-mixer","https://crust-and-crumb-tawny.vercel.app/term/stand-mixer","Existing relation; detailed editorial relevance review pending"
"spiral-mixer","friction-factor","https://crust-and-crumb-tawny.vercel.app/term/friction-factor","Existing relation; detailed editorial relevance review pending"
"spiral-mixer","intensive-mix","https://crust-and-crumb-tawny.vercel.app/term/intensive-mix","Existing relation; detailed editorial relevance review pending"
"spiral-mixer","desired-dough-temperature","https://crust-and-crumb-tawny.vercel.app/term/desired-dough-temperature","Existing relation; detailed editorial relevance review pending"
"sponge","poolish","https://crust-and-crumb-tawny.vercel.app/term/poolish","Existing relation; detailed editorial relevance review pending"
"sponge","levain","https://crust-and-crumb-tawny.vercel.app/term/levain","Existing relation; detailed editorial relevance review pending"
"sprout-damage","falling-number","https://crust-and-crumb-tawny.vercel.app/term/falling-number","Existing relation; detailed editorial relevance review pending"
"sprout-damage","amylase","https://crust-and-crumb-tawny.vercel.app/term/amylase","Existing relation; detailed editorial relevance review pending"
"sprout-damage","sprouted-flour","https://crust-and-crumb-tawny.vercel.app/term/sprouted-flour","Existing relation; detailed editorial relevance review pending"
"sprout-damage","gummy-crumb","https://crust-and-crumb-tawny.vercel.app/term/gummy-crumb","Existing relation; detailed editorial relevance review pending"
"sprout-damage","starch-attack","https://crust-and-crumb-tawny.vercel.app/term/starch-attack","Existing relation; detailed editorial relevance review pending"
"sprouted-flour","amylase","https://crust-and-crumb-tawny.vercel.app/term/amylase","Existing relation; detailed editorial relevance review pending"
"sprouted-flour","sprout-damage","https://crust-and-crumb-tawny.vercel.app/term/sprout-damage","Existing relation; detailed editorial relevance review pending"
"sprouted-flour","falling-number","https://crust-and-crumb-tawny.vercel.app/term/falling-number","Existing relation; detailed editorial relevance review pending"
"sprouted-flour","gummy-crumb","https://crust-and-crumb-tawny.vercel.app/term/gummy-crumb","Existing relation; detailed editorial relevance review pending"
"sprouted-flour","diastatic-malt","https://crust-and-crumb-tawny.vercel.app/term/diastatic-malt","Existing relation; detailed editorial relevance review pending"
"stand-mixer","spiral-mixer","https://crust-and-crumb-tawny.vercel.app/term/spiral-mixer","Existing relation; detailed editorial relevance review pending"
"stand-mixer","friction-factor","https://crust-and-crumb-tawny.vercel.app/term/friction-factor","Existing relation; detailed editorial relevance review pending"
"stand-mixer","overmixing","https://crust-and-crumb-tawny.vercel.app/term/overmixing","Existing relation; detailed editorial relevance review pending"
"stand-mixer","intensive-mix","https://crust-and-crumb-tawny.vercel.app/term/intensive-mix","Existing relation; detailed editorial relevance review pending"
"stand-mixer","kneading","https://crust-and-crumb-tawny.vercel.app/term/kneading","Existing relation; detailed editorial relevance review pending"
"starch-attack","amylase","https://crust-and-crumb-tawny.vercel.app/term/amylase","Existing relation; detailed editorial relevance review pending"
"starch-attack","rye-flour","https://crust-and-crumb-tawny.vercel.app/term/rye-flour","Existing relation; detailed editorial relevance review pending"
"starch-attack","gelatinization","https://crust-and-crumb-tawny.vercel.app/term/gelatinization","Existing relation; detailed editorial relevance review pending"
"starch-attack","falling-number","https://crust-and-crumb-tawny.vercel.app/term/falling-number","Existing relation; detailed editorial relevance review pending"
"starch-attack","gummy-crumb","https://crust-and-crumb-tawny.vercel.app/term/gummy-crumb","Existing relation; detailed editorial relevance review pending"
"starter-jar","sourdough-starter","https://crust-and-crumb-tawny.vercel.app/term/sourdough-starter","Existing relation; detailed editorial relevance review pending"
"starter-jar","feeding","https://crust-and-crumb-tawny.vercel.app/term/feeding","Existing relation; detailed editorial relevance review pending"
"starter-jar","peak","https://crust-and-crumb-tawny.vercel.app/term/peak","Existing relation; detailed editorial relevance review pending"
"starter-jar","aliquot-jar","https://crust-and-crumb-tawny.vercel.app/term/aliquot-jar","Existing relation; detailed editorial relevance review pending"
"starter-jar","hooch","https://crust-and-crumb-tawny.vercel.app/term/hooch","Existing relation; detailed editorial relevance review pending"
"oven-steam","dutch-oven","https://crust-and-crumb-tawny.vercel.app/term/dutch-oven","Existing relation; detailed editorial relevance review pending"
"oven-steam","oven-spring","https://crust-and-crumb-tawny.vercel.app/term/oven-spring","Existing relation; detailed editorial relevance review pending"
"oven-steam","lava-rocks","https://crust-and-crumb-tawny.vercel.app/term/lava-rocks","Existing relation; detailed editorial relevance review pending"
"stiff-starter","lievito-madre","https://crust-and-crumb-tawny.vercel.app/term/lievito-madre","Existing relation; detailed editorial relevance review pending"
"stiff-starter","sourdough-starter","https://crust-and-crumb-tawny.vercel.app/term/sourdough-starter","Existing relation; detailed editorial relevance review pending"
"stiff-starter","acetic-acid","https://crust-and-crumb-tawny.vercel.app/term/acetic-acid","Existing relation; detailed editorial relevance review pending"
"stiff-starter","hydration","https://crust-and-crumb-tawny.vercel.app/term/hydration","Existing relation; detailed editorial relevance review pending"
"stiff-starter","feeding-ratio","https://crust-and-crumb-tawny.vercel.app/term/feeding-ratio","Existing relation; detailed editorial relevance review pending"
"stitching","shaping","https://crust-and-crumb-tawny.vercel.app/term/shaping","Existing relation; detailed editorial relevance review pending"
"stitching","batard","https://crust-and-crumb-tawny.vercel.app/term/batard","Existing relation; detailed editorial relevance review pending"
"stitching","surface-tension","https://crust-and-crumb-tawny.vercel.app/term/surface-tension","Existing relation; detailed editorial relevance review pending"
"stitching","seam","https://crust-and-crumb-tawny.vercel.app/term/seam","Existing relation; detailed editorial relevance review pending"
"stitching","banneton","https://crust-and-crumb-tawny.vercel.app/term/banneton","Existing relation; detailed editorial relevance review pending"
"stone-mill","grain-mill","https://crust-and-crumb-tawny.vercel.app/term/grain-mill","Existing relation; detailed editorial relevance review pending"
"stone-mill","impact-mill","https://crust-and-crumb-tawny.vercel.app/term/impact-mill","Existing relation; detailed editorial relevance review pending"
"stone-mill","particle-size","https://crust-and-crumb-tawny.vercel.app/term/particle-size","Existing relation; detailed editorial relevance review pending"
"stone-mill","home-milling","https://crust-and-crumb-tawny.vercel.app/term/home-milling","Existing relation; detailed editorial relevance review pending"
"stone-mill","cracked-grain","https://crust-and-crumb-tawny.vercel.app/term/cracked-grain","Existing relation; detailed editorial relevance review pending"
"straight-grade-flour","patent-flour","https://crust-and-crumb-tawny.vercel.app/term/patent-flour","Existing relation; detailed editorial relevance review pending"
"straight-grade-flour","clear-flour","https://crust-and-crumb-tawny.vercel.app/term/clear-flour","Existing relation; detailed editorial relevance review pending"
"straight-grade-flour","extraction-rate","https://crust-and-crumb-tawny.vercel.app/term/extraction-rate","Existing relation; detailed editorial relevance review pending"
"straight-grade-flour","ash-content","https://crust-and-crumb-tawny.vercel.app/term/ash-content","Existing relation; detailed editorial relevance review pending"
"straight-grade-flour","middlings","https://crust-and-crumb-tawny.vercel.app/term/middlings","Existing relation; detailed editorial relevance review pending"
"stretch-and-fold","coil-fold","https://crust-and-crumb-tawny.vercel.app/term/coil-fold","Existing relation; detailed editorial relevance review pending"
"stretch-and-fold","bulk-fermentation","https://crust-and-crumb-tawny.vercel.app/term/bulk-fermentation","Existing relation; detailed editorial relevance review pending"
"stretch-and-fold","gluten","https://crust-and-crumb-tawny.vercel.app/term/gluten","Existing relation; detailed editorial relevance review pending"
"surface-tension","shaping","https://crust-and-crumb-tawny.vercel.app/term/shaping","Existing relation; detailed editorial relevance review pending"
"surface-tension","pre-shape","https://crust-and-crumb-tawny.vercel.app/term/pre-shape","Existing relation; detailed editorial relevance review pending"
"surface-tension","tension-pull","https://crust-and-crumb-tawny.vercel.app/term/tension-pull","Existing relation; detailed editorial relevance review pending"
"surface-tension","scoring","https://crust-and-crumb-tawny.vercel.app/term/scoring","Existing relation; detailed editorial relevance review pending"
"surface-tension","oven-spring","https://crust-and-crumb-tawny.vercel.app/term/oven-spring","Existing relation; detailed editorial relevance review pending"
"tangzhong","milk-bread","https://crust-and-crumb-tawny.vercel.app/term/milk-bread","Existing relation; detailed editorial relevance review pending"
"tangzhong","enriched-dough","https://crust-and-crumb-tawny.vercel.app/term/enriched-dough","Existing relation; detailed editorial relevance review pending"
"teff","injera","https://crust-and-crumb-tawny.vercel.app/term/injera","Existing relation; detailed editorial relevance review pending"
"teff","fermentation","https://crust-and-crumb-tawny.vercel.app/term/fermentation","Existing relation; detailed editorial relevance review pending"
"teff","sorghum","https://crust-and-crumb-tawny.vercel.app/term/sorghum","Existing relation; detailed editorial relevance review pending"
"teff","millet","https://crust-and-crumb-tawny.vercel.app/term/millet","Existing relation; detailed editorial relevance review pending"
"tempering","bolting","https://crust-and-crumb-tawny.vercel.app/term/bolting","Existing relation; detailed editorial relevance review pending"
"tempering","bran","https://crust-and-crumb-tawny.vercel.app/term/bran","Existing relation; detailed editorial relevance review pending"
"tempering","stone-mill","https://crust-and-crumb-tawny.vercel.app/term/stone-mill","Existing relation; detailed editorial relevance review pending"
"tempering","extraction-rate","https://crust-and-crumb-tawny.vercel.app/term/extraction-rate","Existing relation; detailed editorial relevance review pending"
"tenacity","gluten","https://crust-and-crumb-tawny.vercel.app/term/gluten","Existing relation; detailed editorial relevance review pending"
"tenacity","kneading","https://crust-and-crumb-tawny.vercel.app/term/kneading","Existing relation; detailed editorial relevance review pending"
"tension-pull","shaping","https://crust-and-crumb-tawny.vercel.app/term/shaping","Existing relation; detailed editorial relevance review pending"
"tension-pull","boule","https://crust-and-crumb-tawny.vercel.app/term/boule","Existing relation; detailed editorial relevance review pending"
"terroir","identity-preserved-grain","https://crust-and-crumb-tawny.vercel.app/term/identity-preserved-grain","Existing relation; detailed editorial relevance review pending"
"terroir","fresh-milled-flour","https://crust-and-crumb-tawny.vercel.app/term/fresh-milled-flour","Existing relation; detailed editorial relevance review pending"
"terroir","landrace-grain","https://crust-and-crumb-tawny.vercel.app/term/landrace-grain","Existing relation; detailed editorial relevance review pending"
"terroir","whole-wheat-flour","https://crust-and-crumb-tawny.vercel.app/term/whole-wheat-flour","Existing relation; detailed editorial relevance review pending"
"titratable-acidity","ph","https://crust-and-crumb-tawny.vercel.app/term/ph","Existing relation; detailed editorial relevance review pending"
"titratable-acidity","lactic-acid","https://crust-and-crumb-tawny.vercel.app/term/lactic-acid","Existing relation; detailed editorial relevance review pending"
"titratable-acidity","acetic-acid","https://crust-and-crumb-tawny.vercel.app/term/acetic-acid","Existing relation; detailed editorial relevance review pending"
"titratable-acidity","lactic-acid-bacteria","https://crust-and-crumb-tawny.vercel.app/term/lactic-acid-bacteria","Existing relation; detailed editorial relevance review pending"
"triticale","rye-flour","https://crust-and-crumb-tawny.vercel.app/term/rye-flour","Existing relation; detailed editorial relevance review pending"
"triticale","bread-wheat","https://crust-and-crumb-tawny.vercel.app/term/bread-wheat","Existing relation; detailed editorial relevance review pending"
"triticale","amylase","https://crust-and-crumb-tawny.vercel.app/term/amylase","Existing relation; detailed editorial relevance review pending"
"triticale","falling-number","https://crust-and-crumb-tawny.vercel.app/term/falling-number","Existing relation; detailed editorial relevance review pending"
"tunneling","proofing","https://crust-and-crumb-tawny.vercel.app/term/proofing","Existing relation; detailed editorial relevance review pending"
"tunneling","gluten","https://crust-and-crumb-tawny.vercel.app/term/gluten","Existing relation; detailed editorial relevance review pending"
"turkey-red","heritage-grain","https://crust-and-crumb-tawny.vercel.app/term/heritage-grain","Existing relation; detailed editorial relevance review pending"
"turkey-red","hard-red-winter-wheat","https://crust-and-crumb-tawny.vercel.app/term/hard-red-winter-wheat","Existing relation; detailed editorial relevance review pending"
"turkey-red","red-fife","https://crust-and-crumb-tawny.vercel.app/term/red-fife","Existing relation; detailed editorial relevance review pending"
"turkey-red","wheat-class","https://crust-and-crumb-tawny.vercel.app/term/wheat-class","Existing relation; detailed editorial relevance review pending"
"turning-peel","pizza-peel","https://crust-and-crumb-tawny.vercel.app/term/pizza-peel","Existing relation; detailed editorial relevance review pending"
"type-00-flour","type-flour","https://crust-and-crumb-tawny.vercel.app/term/type-flour","Existing relation; detailed editorial relevance review pending"
"type-00-flour","w-value","https://crust-and-crumb-tawny.vercel.app/term/w-value","Existing relation; detailed editorial relevance review pending"
"type-00-flour","neapolitan-pizza","https://crust-and-crumb-tawny.vercel.app/term/neapolitan-pizza","Existing relation; detailed editorial relevance review pending"
"type-00-flour","ash-content","https://crust-and-crumb-tawny.vercel.app/term/ash-content","Existing relation; detailed editorial relevance review pending"
"type-00-flour","particle-size","https://crust-and-crumb-tawny.vercel.app/term/particle-size","Existing relation; detailed editorial relevance review pending"
"type-flour","ash-content","https://crust-and-crumb-tawny.vercel.app/term/ash-content","Existing relation; detailed editorial relevance review pending"
"type-flour","type-00-flour","https://crust-and-crumb-tawny.vercel.app/term/type-00-flour","Existing relation; detailed editorial relevance review pending"
"type-flour","extraction-rate","https://crust-and-crumb-tawny.vercel.app/term/extraction-rate","Existing relation; detailed editorial relevance review pending"
"type-flour","rye-flour","https://crust-and-crumb-tawny.vercel.app/term/rye-flour","Existing relation; detailed editorial relevance review pending"
"type-flour","high-extraction-flour","https://crust-and-crumb-tawny.vercel.app/term/high-extraction-flour","Existing relation; detailed editorial relevance review pending"
"underfermented","underproofed","https://crust-and-crumb-tawny.vercel.app/term/underproofed","Existing relation; detailed editorial relevance review pending"
"underfermented","fools-crumb","https://crust-and-crumb-tawny.vercel.app/term/fools-crumb","Existing relation; detailed editorial relevance review pending"
"underfermented","bulk-fermentation","https://crust-and-crumb-tawny.vercel.app/term/bulk-fermentation","Existing relation; detailed editorial relevance review pending"
"underfermented","bulk-rise-target","https://crust-and-crumb-tawny.vercel.app/term/bulk-rise-target","Existing relation; detailed editorial relevance review pending"
"underfermented","dense-crumb","https://crust-and-crumb-tawny.vercel.app/term/dense-crumb","Existing relation; detailed editorial relevance review pending"
"underproofed","proofing","https://crust-and-crumb-tawny.vercel.app/term/proofing","Existing relation; detailed editorial relevance review pending"
"underproofed","poke-test","https://crust-and-crumb-tawny.vercel.app/term/poke-test","Existing relation; detailed editorial relevance review pending"
"underproofed","overproofed","https://crust-and-crumb-tawny.vercel.app/term/overproofed","Existing relation; detailed editorial relevance review pending"
"underproofed","underfermented","https://crust-and-crumb-tawny.vercel.app/term/underfermented","Existing relation; detailed editorial relevance review pending"
"underproofed","bulk-fermentation","https://crust-and-crumb-tawny.vercel.app/term/bulk-fermentation","Existing relation; detailed editorial relevance review pending"
"underproofed","dense-crumb","https://crust-and-crumb-tawny.vercel.app/term/dense-crumb","Existing relation; detailed editorial relevance review pending"
"vital-wheat-gluten","bread-flour","https://crust-and-crumb-tawny.vercel.app/term/bread-flour","Existing relation; detailed editorial relevance review pending"
"vital-wheat-gluten","gluten","https://crust-and-crumb-tawny.vercel.app/term/gluten","Existing relation; detailed editorial relevance review pending"
"vollkornbrot","rye-flour","https://crust-and-crumb-tawny.vercel.app/term/rye-flour","Existing relation; detailed editorial relevance review pending"
"vollkornbrot","soaker","https://crust-and-crumb-tawny.vercel.app/term/soaker","Existing relation; detailed editorial relevance review pending"
"vollkornbrot","cracked-grain","https://crust-and-crumb-tawny.vercel.app/term/cracked-grain","Existing relation; detailed editorial relevance review pending"
"vollkornbrot","pumpernickel","https://crust-and-crumb-tawny.vercel.app/term/pumpernickel","Existing relation; detailed editorial relevance review pending"
"vollkornbrot","sourdough","https://crust-and-crumb-tawny.vercel.app/term/sourdough","Existing relation; detailed editorial relevance review pending"
"w-value","p-l-ratio","https://crust-and-crumb-tawny.vercel.app/term/p-l-ratio","Existing relation; detailed editorial relevance review pending"
"w-value","flour-strength","https://crust-and-crumb-tawny.vercel.app/term/flour-strength","Existing relation; detailed editorial relevance review pending"
"w-value","type-00-flour","https://crust-and-crumb-tawny.vercel.app/term/type-00-flour","Existing relation; detailed editorial relevance review pending"
"w-value","panettone","https://crust-and-crumb-tawny.vercel.app/term/panettone","Existing relation; detailed editorial relevance review pending"
"w-value","neapolitan-pizza","https://crust-and-crumb-tawny.vercel.app/term/neapolitan-pizza","Existing relation; detailed editorial relevance review pending"
"wheat-berry","bran","https://crust-and-crumb-tawny.vercel.app/term/bran","Existing relation; detailed editorial relevance review pending"
"wheat-berry","germ","https://crust-and-crumb-tawny.vercel.app/term/germ","Existing relation; detailed editorial relevance review pending"
"wheat-berry","endosperm","https://crust-and-crumb-tawny.vercel.app/term/endosperm","Existing relation; detailed editorial relevance review pending"
"wheat-berry","home-milling","https://crust-and-crumb-tawny.vercel.app/term/home-milling","Existing relation; detailed editorial relevance review pending"
"wheat-berry","cracked-grain","https://crust-and-crumb-tawny.vercel.app/term/cracked-grain","Existing relation; detailed editorial relevance review pending"
"wheat-class","hard-red-winter-wheat","https://crust-and-crumb-tawny.vercel.app/term/hard-red-winter-wheat","Existing relation; detailed editorial relevance review pending"
"wheat-class","hard-red-spring-wheat","https://crust-and-crumb-tawny.vercel.app/term/hard-red-spring-wheat","Existing relation; detailed editorial relevance review pending"
"wheat-class","hard-white-wheat","https://crust-and-crumb-tawny.vercel.app/term/hard-white-wheat","Existing relation; detailed editorial relevance review pending"
"wheat-class","soft-white-wheat","https://crust-and-crumb-tawny.vercel.app/term/soft-white-wheat","Existing relation; detailed editorial relevance review pending"
"wheat-class","durum-wheat","https://crust-and-crumb-tawny.vercel.app/term/durum-wheat","Existing relation; detailed editorial relevance review pending"
"wheat-stalk-score","scoring","https://crust-and-crumb-tawny.vercel.app/term/scoring","Existing relation; detailed editorial relevance review pending"
"wheat-stalk-score","lame","https://crust-and-crumb-tawny.vercel.app/term/lame","Existing relation; detailed editorial relevance review pending"
"whole-wheat-flour","hydration","https://crust-and-crumb-tawny.vercel.app/term/hydration","Existing relation; detailed editorial relevance review pending"
"whole-wheat-flour","fermentation","https://crust-and-crumb-tawny.vercel.app/term/fermentation","Existing relation; detailed editorial relevance review pending"
"whole-wheat-flour","autolyse","https://crust-and-crumb-tawny.vercel.app/term/autolyse","Existing relation; detailed editorial relevance review pending"
"windowpane-test","gluten","https://crust-and-crumb-tawny.vercel.app/term/gluten","Existing relation; detailed editorial relevance review pending"
"windowpane-test","kneading","https://crust-and-crumb-tawny.vercel.app/term/kneading","Existing relation; detailed editorial relevance review pending"
"windowpane-test","intensive-mix","https://crust-and-crumb-tawny.vercel.app/term/intensive-mix","Existing relation; detailed editorial relevance review pending"
"yeast","instant-yeast","https://crust-and-crumb-tawny.vercel.app/term/instant-yeast","Existing relation; detailed editorial relevance review pending"
"yeast","active-dry-yeast","https://crust-and-crumb-tawny.vercel.app/term/active-dry-yeast","Existing relation; detailed editorial relevance review pending"
"yeast","fresh-yeast","https://crust-and-crumb-tawny.vercel.app/term/fresh-yeast","Existing relation; detailed editorial relevance review pending"
"yeast","osmotolerant-yeast","https://crust-and-crumb-tawny.vercel.app/term/osmotolerant-yeast","Existing relation; detailed editorial relevance review pending"
"yeast","sourdough","https://crust-and-crumb-tawny.vercel.app/term/sourdough","Existing relation; detailed editorial relevance review pending"
"yeast-water","levain","https://crust-and-crumb-tawny.vercel.app/term/levain","Existing relation; detailed editorial relevance review pending"
"yeast-water","yeast","https://crust-and-crumb-tawny.vercel.app/term/yeast","Existing relation; detailed editorial relevance review pending"
"yeast-water","sourdough-starter","https://crust-and-crumb-tawny.vercel.app/term/sourdough-starter","Existing relation; detailed editorial relevance review pending"
"yeast-water","enriched-dough","https://crust-and-crumb-tawny.vercel.app/term/enriched-dough","Existing relation; detailed editorial relevance review pending"
"young-levain","levain","https://crust-and-crumb-tawny.vercel.app/term/levain","Existing relation; detailed editorial relevance review pending"
"young-levain","peak","https://crust-and-crumb-tawny.vercel.app/term/peak","Existing relation; detailed editorial relevance review pending"
"young-levain","ripe-starter","https://crust-and-crumb-tawny.vercel.app/term/ripe-starter","Existing relation; detailed editorial relevance review pending"
"young-levain","lactic-acid","https://crust-and-crumb-tawny.vercel.app/term/lactic-acid","Existing relation; detailed editorial relevance review pending"
"yudane","tangzhong","https://crust-and-crumb-tawny.vercel.app/term/tangzhong","Existing relation; detailed editorial relevance review pending"
"yudane","scald","https://crust-and-crumb-tawny.vercel.app/term/scald","Existing relation; detailed editorial relevance review pending"
"yudane","milk-bread","https://crust-and-crumb-tawny.vercel.app/term/milk-bread","Existing relation; detailed editorial relevance review pending"
"yudane","gelatinization","https://crust-and-crumb-tawny.vercel.app/term/gelatinization","Existing relation; detailed editorial relevance review pending"
"yudane","pain-de-mie","https://crust-and-crumb-tawny.vercel.app/term/pain-de-mie","Existing relation; detailed editorial relevance review pending"
"zest","enriched-dough","https://crust-and-crumb-tawny.vercel.app/term/enriched-dough","Existing relation; detailed editorial relevance review pending"
"zest","inclusions","https://crust-and-crumb-tawny.vercel.app/term/inclusions","Existing relation; detailed editorial relevance review pending"
"zest","panettone","https://crust-and-crumb-tawny.vercel.app/term/panettone","Existing relation; detailed editorial relevance review pending"
"zest","colomba","https://crust-and-crumb-tawny.vercel.app/term/colomba","Existing relation; detailed editorial relevance review pending"
